Date,Open,High,Low,Close,Volume,Turnover
2014-02-14,26.155,26.405,26.045,26.13,2703203.0,70826209.8
2014-02-17,26.125,26.5,26.1,26.47,1998946.0,52819809.89
2014-02-18,26.5,26.595,26.215,26.39,2622789.0,69266928.11
2014-02-19,26.235,26.545,26.155,26.32,1792590.0,47188164.52
2014-02-20,25.81,25.9,25.51,25.61,5444095.0,139608795.125
2014-02-21,25.205,25.44,25.03,25.35,5828522.0,147192250.89
2014-02-24,25.35,25.63,25.31,25.55,2780497.0,70838344.665
2014-02-25,25.455,25.565,25.28,25.525,3014179.0,76556751.86
2014-02-26,25.595,25.68,25.255,25.425,2197121.0,55873177.5
2014-02-27,25.345,25.42,25.08,25.305,3190653.0,80561166.605
2014-02-28,25.33,25.495,25.215,25.36,5733386.0,145307699.34
2014-03-05,25.345,25.515,25.09,25.12,2490324.0,62793881.615
2014-03-06,25.185,25.55,25.185,25.54,4039233.0,102821317.48
2014-03-07,25.645,25.86,25.175,25.175,4636719.0,118071853.8
2014-03-10,25.125,25.445,24.85,25.005,2798963.0,70185481.56
2014-03-11,25.06,25.495,24.965,25.165,3314745.0,83508499.89
2014-03-12,25.05,25.07,24.61,25.02,4172814.0,103793924.565
2014-03-13,25.02,25.05,24.195,24.205,5035519.0,123422263.07
2014-03-14,23.96,24.11,23.57,23.88,6430600.0,153465261.75
2014-03-17,23.81,24.45,23.75,24.24,3730944.0,90427478.03
2014-03-18,24.15,24.46,23.89,24.385,4703346.0,113875567.3
2014-03-19,24.415,24.51,24.24,24.345,2844965.0,69385097.2
2014-03-20,24.2,24.345,23.76,24.24,4269784.0,102865625.62
2014-03-21,24.285,24.455,24.18,24.18,7046272.0,170929019.6
2014-03-24,24.23,24.83,24.22,24.345,5244332.0,128243009.59
2014-03-25,24.51,24.775,24.465,24.595,3986435.0,98179380.98
2014-03-26,24.75,25.25,24.73,25.025,4105713.0,102921293.475
2014-03-27,24.915,25.295,24.91,25.25,2468221.0,62154055.2
2014-03-28,25.4,25.87,25.265,25.86,4944029.0,126693781.28
2014-03-31,25.97,25.995,25.505,25.505,3691783.0,94592923.635
2014-04-01,25.66,25.665,25.4,25.57,2453941.0,62733179.97
2014-04-02,25.585,25.795,25.51,25.655,1963636.0,50348920.48
2014-04-03,25.72,25.84,25.42,25.675,2490508.0,63903077.17
2014-04-04,25.635,25.995,25.58,25.855,2401040.0,62013655.74
2014-04-07,25.61,25.8,25.525,25.58,2431370.0,62338895.08
2014-04-08,25.6,25.675,25.115,25.375,3861511.0,98009029.08
2014-04-09,25.485,25.88,25.47,25.85,2392707.0,61680036.77
2014-04-10,26.0,26.02,25.525,25.63,2430134.0,62582321.1
2014-04-11,25.325,25.385,24.985,25.195,2797669.0,70445194.54
2014-04-14,24.98,25.135,24.58,24.865,3910923.0,97143666.705
2014-04-15,24.9,25.1,24.61,24.665,2894410.0,71756146.32
2014-04-16,24.875,25.315,24.855,25.315,4091283.0,102814447.93
2014-04-17,25.41,25.445,24.79,24.935,5586666.0,139530241.17
2014-04-22,23.55,23.845,23.035,23.755,12290247.0,288165583.12
2014-04-23,23.53,23.65,23.315,23.435,5434677.0,127694339.67
2014-04-24,23.445,23.51,23.11,23.41,6626241.0,154179017.34
2014-04-25,23.365,23.475,23.13,23.2,4540396.0,105942568.04
2014-04-28,23.285,23.345,22.785,22.975,4787774.0,109988212.02
2014-04-29,23.01,23.36,22.68,23.28,5176525.0,119736796.05
2014-04-30,23.25,23.36,22.82,23.075,4496036.0,103402304.44
2014-05-02,23.075,23.295,22.935,23.1,5060343.0,116708129.16
2014-05-05,22.265,22.56,22.115,22.52,3538004.0,79090758.975
2014-05-06,22.52,22.605,22.415,22.43,4184949.0,94066795.97
2014-05-07,22.42,22.985,22.335,22.935,4927576.0,112659302.14
2014-05-08,22.905,23.24,22.85,23.22,3571850.0,82454810.755
2014-05-09,23.135,23.245,23.085,23.135,3798091.0,88031947.07
2014-05-12,23.19,23.5,23.145,23.485,3662590.0,85683590.815
2014-05-13,23.575,23.64,23.52,23.64,3756696.0,88642292.13
2014-05-14,23.58,23.6,23.385,23.53,3787323.0,88913834.78
2014-05-16,23.26,23.27,22.78,23.05,4703924.0,108169573.59
2014-05-19,22.895,23.165,22.81,23.115,2696319.0,62102002.06
2014-05-20,23.125,23.3,23.085,23.195,3231655.0,75003499.12
2014-05-21,23.15,23.35,23.09,23.34,2401541.0,55851737.935
2014-05-22,23.385,23.395,23.19,23.25,2282131.0,53077438.29
2014-05-23,23.305,23.485,23.19,23.405,1930559.0,45078443.8
2014-05-26,23.5,23.665,23.39,23.61,1322298.0,31172378.78
2014-05-28,23.4,23.4,23.05,23.23,4847737.0,112334477.25
2014-05-29,23.23,23.33,23.14,23.25,1952556.0,45398526.36
2014-05-30,23.295,23.32,23.01,23.17,3427221.0,79389635.605
2014-06-02,23.235,23.48,23.185,23.265,2738037.0,63867679.41
2014-06-03,23.27,23.465,23.255,23.345,1754832.0,40991847.305
2014-06-04,23.21,23.265,23.055,23.195,2519770.0,58421847.47
2014-06-05,23.18,23.545,23.0,23.425,3667944.0,85733859.77
2014-06-06,23.545,23.69,23.435,23.66,3272482.0,77236844.995
2014-06-09,23.7,23.995,23.67,23.995,2505494.0,59913717.77
2014-06-10,24.0,24.22,23.865,24.22,3172585.0,76483747.3
2014-06-11,24.1,24.16,23.79,23.835,3291446.0,78693271.57
2014-06-12,23.735,23.755,23.065,23.27,5761088.0,134478218.2
2014-06-13,23.135,23.15,22.915,23.015,3319426.0,76426138.295
2014-06-16,23.0,23.03,22.785,22.875,3082590.0,70646904.685
2014-06-17,22.925,22.995,22.8,22.85,2933983.0,67129802.01
2014-06-18,22.935,22.99,22.8,22.86,2082588.0,47674620.53
2014-06-19,23.195,23.205,22.995,23.1,3197428.0,73837145.72
2014-06-20,23.165,23.2,23.01,23.07,4027108.0,92989351.005
2014-06-23,23.07,23.1,22.825,22.875,2967993.0,68154407.785
2014-06-24,22.87,22.905,22.63,22.675,2461182.0,55897853.12
2014-06-25,22.555,22.6,22.38,22.48,3246555.0,73031551.8864
2014-06-26,22.49,22.505,22.025,22.215,3217792.0,71533744.995
2014-06-27,22.25,22.415,22.165,22.255,2531387.0,56372652.565
2014-06-30,22.6,23.27,22.58,23.175,6621320.0,152628345.78
2014-07-01,23.3,23.54,23.14,23.21,3550431.0,82593990.215
2014-07-02,23.195,23.375,23.125,23.145,2309587.0,53622161.22
2014-07-03,23.205,23.465,23.125,23.38,3510196.0,81928695.62
2014-07-04,23.44,23.44,23.255,23.255,1428694.0,33295356.535
2014-07-07,23.255,23.31,23.1,23.1,2157609.0,49935926.865
2014-07-08,22.9,23.975,22.85,23.43,6928438.0,162918289.955
2014-07-09,23.585,23.76,23.49,23.705,3510712.0,82927219.135
2014-07-10,23.615,23.695,23.03,23.145,4390262.0,101807629.265
2014-07-11,23.165,23.37,23.12,23.145,2676107.0,62055526.85
2014-07-14,23.15,23.615,23.15,23.46,1964740.0,46037535.765
2014-07-15,23.405,23.43,23.145,23.165,2650849.0,61520688.965
2014-07-16,23.2,23.46,23.2,23.365,2121147.0,49507775.26
2014-07-17,23.18,23.365,23.13,23.305,4009828.0,93226964.08
2014-07-18,23.275,23.29,23.075,23.265,3537383.0,82036587.0
2014-07-21,23.25,23.64,22.76,23.18,5044875.0,116853381.645
2014-07-22,23.3,23.595,23.18,23.48,3263499.0,76339736.62
2014-07-23,23.42,23.7,23.315,23.61,2619943.0,61771749.93
2014-07-24,23.69,23.84,23.455,23.82,2978049.0,70653194.1
2014-07-25,23.73,23.8,23.52,23.595,2767513.0,65389274.17
2014-07-28,23.62,23.73,23.32,23.475,1881847.0,44216375.615
2014-07-29,23.52,23.85,23.47,23.725,1983700.0,47006609.68
2014-07-30,23.655,23.745,23.485,23.51,2189167.0,51578415.415
2014-07-31,23.445,23.485,23.005,23.08,3210109.0,74279635.14
2014-08-01,23.015,23.245,22.965,23.1,4132380.0,95391240.4
2014-08-04,23.175,23.275,22.88,22.955,3470677.0,79996541.935
2014-08-05,22.97,23.09,22.845,23.01,2619392.0,60192456.025
2014-08-06,22.82,22.97,22.56,22.73,2879283.0,65441248.35
2014-08-07,22.62,22.77,22.4,22.47,2985040.0,67310270.435
2014-08-08,22.205,22.335,21.89,22.11,4062753.0,89790153.25
2014-08-11,22.345,22.59,22.25,22.485,2614358.0,58723588.46
2014-08-12,22.465,22.585,22.295,22.33,1827123.0,40888767.815
2014-08-13,22.35,22.465,22.265,22.425,1535846.0,34401089.71
2014-08-14,22.31,22.47,22.195,22.23,2488119.0,55451572.31
2014-08-15,22.3,22.785,22.255,22.3,3556929.0,80004673.87
2014-08-18,22.455,22.715,22.365,22.68,2269142.0,51259242.005
2014-08-19,22.74,22.865,22.685,22.775,1404033.0,31989955.105
2014-08-20,22.73,22.865,22.645,22.795,1426027.0,32467893.59
2014-08-21,22.79,23.115,22.745,23.115,2050517.0,47203431.45
2014-08-22,23.115,23.15,22.735,22.92,1745468.0,40005718.39
2014-08-25,23.115,23.345,23.015,23.325,1868573.0,43405436.36
2014-08-26,23.28,23.56,23.2,23.46,2520364.0,58973748.06
2014-08-27,23.4,23.45,23.26,23.42,1985202.0,46434664.385
2014-08-28,23.37,23.38,23.085,23.29,1861141.0,43272237.53
2014-08-29,23.29,23.34,22.96,23.19,2526314.0,58465148.38
2014-09-01,23.11,23.315,23.09,23.12,1463022.0,33871893.2
2014-09-02,23.165,23.23,23.025,23.12,1996570.0,46192338.815
2014-09-03,23.25,23.48,23.19,23.35,2418024.0,56484666.08
2014-09-04,23.23,23.715,23.12,23.65,3951632.0,92876807.62
2014-09-05,23.61,23.86,23.515,23.63,2221622.0,52563810.03
2014-09-08,23.685,23.78,23.565,23.73,1524461.0,36109778.81
2014-09-09,23.665,23.815,23.63,23.635,1792163.0,42412792.455
2014-09-10,23.59,23.77,23.55,23.735,2365171.0,56021659.57
2014-09-11,23.725,23.75,23.245,23.38,3016855.0,70682356.82
2014-09-12,23.365,23.38,23.21,23.38,1451384.0,33846131.31
2014-09-15,23.295,23.655,23.285,23.47,2029731.0,47644334.14
2014-09-16,23.43,23.56,23.285,23.45,1918258.0,44951014.99
2014-09-17,23.54,23.77,23.36,23.555,2145494.0,50607326.09
2014-09-18,23.68,23.85,23.555,23.575,3011695.0,71293729.88
2014-09-19,23.8,23.945,23.66,23.74,4820132.0,114632503.69
2014-09-22,23.75,23.795,23.46,23.5,2978079.0,70131363.7
2014-09-23,23.895,24.45,23.69,24.31,10765273.0,260027083.55
2014-09-24,24.58,25.2,24.525,25.06,8793839.0,219017210.94
2014-09-25,25.01,25.05,24.725,24.785,4995919.0,124353339.905
2014-09-26,24.97,25.26,24.945,25.18,5504126.0,138425178.54
2014-09-29,25.27,25.27,24.775,24.885,3673195.0,91608652.57
2014-09-30,24.895,25.32,24.875,25.265,3954077.0,99617729.42
2014-10-01,25.21,25.425,24.66,24.675,3480671.0,86609885.9
2014-10-02,24.51,24.875,24.035,24.05,6736566.0,164308057.58
2014-10-03,24.18,24.525,24.15,24.365,3799998.0,92661584.96
2014-10-06,24.48,24.67,24.315,24.585,2896429.0,71044886.51
2014-10-07,24.48,24.48,23.98,24.02,3924681.0,94657944.42
2014-10-08,23.845,24.075,23.685,23.755,3505269.0,83613530.98
2014-10-09,24.05,24.055,23.44,23.595,3580096.0,84750422.31
2014-10-10,23.385,23.425,23.02,23.09,4401054.0,101933047.22
2014-10-13,22.785,23.085,22.645,22.82,4204549.0,96050153.95
2014-10-14,22.61,22.74,22.15,22.6,4885083.0,109784036.075
2014-10-15,22.59,22.67,21.83,21.955,5147245.0,113906060.165
2014-10-16,22.03,22.23,20.895,21.61,7098531.0,152509996.26
2014-10-17,21.635,22.215,21.52,22.065,6499912.0,142902423.55
2014-10-20,21.6,21.805,21.03,21.26,6028384.0,128247681.02
2014-11-04,22.25,22.42,21.995,22.05,3400590.0,75433408.85
2014-11-05,22.21,22.31,22.115,22.205,2302255.0,51134611.59
2014-11-06,22.15,22.77,22.085,22.625,4625345.0,104264521.155
2014-11-07,22.59,22.6,22.04,22.215,3450412.0,76893325.17
2014-11-10,22.115,22.53,22.1,22.48,3067029.0,68800429.62
2014-11-11,22.53,22.59,22.445,22.465,2461728.0,55410910.63
2014-11-12,22.325,22.7,22.145,22.54,5860720.0,131655739.09
2014-11-13,23.0,23.095,22.63,22.68,4400361.0,100319662.35
2014-11-14,22.81,22.84,22.49,22.605,2839118.0,64191364.36
2014-11-17,22.4,22.81,22.395,22.765,2441753.0,55398297.15
2014-11-18,22.7,23.04,22.665,22.94,2527841.0,57912574.79
2014-11-19,22.94,23.2,22.905,23.1,2399389.0,55362162.38
2014-11-20,23.03,23.085,22.62,22.765,3358988.0,76471331.4
2014-11-21,22.83,23.575,22.78,23.36,6088279.0,141956403.89
2014-11-24,23.55,23.95,23.545,23.685,3591586.0,85312854.645
2014-11-25,23.76,23.91,23.565,23.7,3636278.0,86260131.35
2014-11-26,23.775,23.945,23.625,23.665,2183137.0,51818718.13
2014-11-27,23.66,23.97,23.58,23.93,2194766.0,52347494.49
2014-11-28,23.93,24.275,23.755,24.255,3645403.0,87729756.11
2014-12-01,24.145,24.455,24.11,24.22,2677141.0,64946919.265
2014-12-02,24.205,24.405,24.08,24.185,2825585.0,68483638.47
2014-12-03,24.13,24.39,24.115,24.29,2218369.0,53859331.79
2014-12-04,24.32,24.365,23.59,23.795,5453719.0,130342283.665
2014-12-05,23.9,24.45,23.9,24.25,3596545.0,87052229.45
2014-12-08,24.135,24.225,24.025,24.025,1891704.0,45572457.26
2014-12-09,23.665,23.865,23.59,23.65,3924027.0,92913117.5
2014-12-10,23.68,24.04,23.57,23.65,3188906.0,75839790.295
2014-12-11,23.57,23.98,23.565,23.88,3242821.0,77255053.01
2014-12-12,23.7,23.77,23.21,23.255,3328878.0,78069246.08
2014-12-15,23.115,23.37,22.53,22.59,4781953.0,109099416.44
2014-12-16,22.7,23.1,22.14,23.085,5844992.0,132564560.285
2014-12-18,22.96,23.69,22.945,23.675,6315310.0,148455906.635
2014-12-19,23.96,24.07,23.375,23.69,5833051.0,138118543.79
2014-12-22,23.705,23.98,23.685,23.8,2242221.0,53431020.77
2014-12-23,23.97,24.24,23.875,24.24,1977332.0,47738120.815
2014-12-24,24.14,24.185,24.01,24.08,320630.0,7733371.72
2014-12-29,24.31,24.4,23.95,24.365,2519653.0,60923866.455
2014-12-30,24.265,24.275,23.945,23.96,1697081.0,40841982.845
2014-12-31,23.96,24.275,23.96,24.15,372285.0,8996186.28
2015-01-02,24.18,24.42,24.0,24.175,2414033.0,58442855.89
2015-01-05,24.01,24.4,23.34,23.375,4019725.0,95058474.225
2015-01-06,23.405,23.53,23.12,23.155,3364433.0,78341225.205
2015-01-07,23.285,23.615,23.125,23.275,3127630.0,73082405.89
2015-01-08,23.63,23.935,23.495,23.865,4764684.0,112938364.965
2015-01-09,23.91,24.04,22.97,23.19,4432026.0,103746825.02
2015-01-12,23.32,23.925,23.29,23.785,4023391.0,95415136.63
2015-01-13,23.325,23.58,22.965,23.545,6108589.0,142613367.185
2015-01-14,23.335,23.76,23.07,23.275,4617428.0,107912544.885
2015-01-15,23.495,23.805,22.83,23.73,5699824.0,133911421.52
2015-01-16,23.67,24.23,23.585,24.185,4600199.0,110312179.185
2015-01-19,24.3,24.7,24.17,24.68,4487013.0,109932658.105
2015-01-20,25.18,25.73,25.07,25.325,6953375.0,176902716.52
2015-01-21,25.325,25.58,25.08,25.495,4864479.0,123204819.555
2015-01-22,25.6,26.375,25.55,26.24,7005499.0,182335700.785
2015-01-23,26.28,26.915,25.99,26.75,6477590.0,172127751.725
2015-01-26,26.7,26.99,26.22,26.8,5064841.0,135440278.51
2015-01-27,25.75,26.02,25.05,25.23,9079398.0,230725373.535
2015-01-28,25.0,25.055,24.67,24.955,5509651.0,137122484.865
2015-01-29,24.765,24.89,24.55,24.735,3703802.0,91540032.875
2015-01-30,24.895,24.915,24.365,24.545,5875719.0,144604187.665
2015-02-02,24.51,24.76,24.34,24.69,3607692.0,88629649.14
2015-02-03,24.905,25.29,24.845,25.14,3722302.0,93559298.635
2015-02-04,25.11,25.225,24.67,24.885,3599385.0,89570386.61
2015-02-05,24.675,25.135,24.405,25.135,3087204.0,76854451.65
2015-02-06,25.2,25.2,24.765,24.875,3420159.0,85279814.735
2015-02-09,24.66,24.68,24.165,24.535,3423524.0,83555309.5
2015-02-10,24.5,24.87,24.33,24.76,3332873.0,82235762.12
2015-02-11,24.685,24.925,24.57,24.85,2358311.0,58463009.49
2015-02-12,24.79,25.38,24.79,25.26,3489597.0,88041986.625
2015-02-13,25.3,25.38,25.055,25.315,3099454.0,78263973.75
2015-02-16,25.24,25.295,25.12,25.215,1675833.0,42223406.38
2015-02-17,25.15,25.175,24.79,24.98,2690918.0,67165362.94
2015-02-18,25.15,25.585,25.035,25.525,3474286.0,88510869.265
2015-02-19,25.515,25.725,25.305,25.705,2642064.0,67652814.405
2015-02-20,25.585,25.74,25.32,25.72,3956791.0,101307487.18
2015-02-23,25.955,26.2,25.88,26.1,3177521.0,82769111.78
2015-02-24,26.13,26.505,25.755,26.425,3164161.0,83177880.96
2015-02-25,26.4,26.62,26.365,26.5,2346588.0,62170177.375
2015-02-26,26.565,26.77,26.52,26.595,3046534.0,81136267.68
2015-02-27,26.585,26.77,26.48,26.77,4053651.0,108289776.25
2015-03-02,26.705,26.895,26.475,26.635,2805327.0,74744615.64
2015-03-03,26.635,26.74,26.355,26.465,2496387.0,66311800.02
2015-03-04,26.525,26.615,26.2,26.455,2081596.0,54929388.725
2015-03-05,26.545,26.91,26.4,26.665,2860278.0,76424232.8
2015-03-06,26.67,27.02,26.625,26.75,2319702.0,62258501.375
2015-03-09,26.585,26.585,26.365,26.49,2016835.0,53381278.13
2015-03-10,26.39,26.56,25.85,25.98,3464771.0,90215806.91
2015-03-11,26.165,26.68,26.1,26.63,2754564.0,73114163.18
2015-03-12,26.59,26.99,26.55,26.62,2296330.0,61447108.17
2015-03-13,26.73,26.77,26.435,26.705,1713694.0,45613968.37
2015-03-16,26.92,27.36,26.9,27.22,3645751.0,99097125.46
2015-03-17,27.15,27.24,26.86,27.155,3019391.0,81800142.23
2015-03-18,27.185,27.48,27.125,27.4,3935935.0,107699690.02
2015-03-19,27.34,27.675,27.005,27.2,3774449.0,102796182.1
2015-03-20,27.09,27.26,26.58,26.695,7954869.0,212844458.92
2015-03-23,26.63,26.675,26.24,26.6,2685399.0,71303522.97
2015-03-24,26.55,26.875,26.45,26.635,2542009.0,67807622.81
2015-03-26,26.03,26.115,25.585,26.04,3813917.0,98612290.96
2015-03-27,26.275,26.435,26.07,26.27,3045381.0,79953747.325
2015-03-30,26.455,26.87,26.3,26.625,2536940.0,67610642.14
2015-03-31,26.9,26.91,26.15,26.425,6434110.0,169963930.965
2015-04-01,26.51,26.92,26.44,26.49,4957793.0,132066564.83
2015-04-02,26.515,26.99,26.5,26.95,2939589.0,78960148.46
2015-04-07,27.055,27.57,26.935,27.35,3782134.0,103352939.47
2015-04-08,27.225,27.48,27.11,27.24,3251655.0,88800924.74
2015-04-09,27.27,27.355,27.155,27.245,2367437.0,64463773.16
2015-04-10,27.33,27.375,27.19,27.375,2727606.0,74438216.95
2015-04-13,27.4,27.64,27.175,27.53,2581892.0,70993132.42
2015-04-14,27.46,27.56,26.82,26.915,4266864.0,115507766.26
2015-04-15,27.125,27.265,26.98,27.145,2935529.0,79758116.76
2015-04-16,27.01,27.19,26.75,26.855,3689518.0,99320370.66
2015-04-17,26.78,26.99,26.32,26.45,4635604.0,123085814.56
2015-04-20,26.52,27.08,26.52,27.05,2988371.0,80375494.02
2015-04-21,27.15,27.41,27.065,27.355,3026895.0,82613186.93
2015-04-22,27.5,27.6,27.14,27.25,3636178.0,99260568.71
2015-04-23,27.18,27.595,26.985,27.16,4181455.0,113561590.51
2015-04-24,27.2,27.545,27.15,27.36,3537735.0,96762289.31
2015-04-27,27.345,28.0,27.035,27.65,5021429.0,138833912.43
2015-04-28,27.0,27.345,25.96,26.27,8309479.0,219490550.935
2015-04-29,26.53,26.585,25.895,25.91,6471455.0,169388578.27
2015-04-30,25.875,25.895,25.52,25.655,7310249.0,187871265.45
2015-05-04,25.52,25.675,25.165,25.44,4333149.0,110287830.54
2015-05-05,25.305,25.535,24.96,25.19,7345200.0,185298579.73
2015-05-06,25.095,25.19,24.81,25.08,5729123.0,143469164.33
2015-05-07,24.85,24.945,24.47,24.825,6470297.0,160178557.46
2015-05-08,25.0,25.455,24.71,25.405,5585773.0,140474702.97
2015-05-11,24.98,24.98,24.53,24.775,3895743.0,96200067.76
2015-05-12,24.55,24.55,24.23,24.42,4940940.0,120467632.35
2015-05-13,24.47,24.7,24.115,24.24,3982558.0,97215909.31
2015-05-14,24.1,24.595,24.03,24.5,3591959.0,87399574.09
2015-05-15,24.595,24.88,24.515,24.695,4126398.0,102083944.91
2015-05-18,24.67,24.76,24.23,24.605,2578207.0,63163209.28
2015-05-19,24.75,25.065,24.685,24.925,4168334.0,103880444.96
2015-05-20,24.955,25.27,24.9,25.18,3794102.0,95441948.13
2015-05-21,25.03,25.185,25.0,25.165,2481793.0,62294697.05
2015-05-22,25.115,25.295,25.085,25.205,2506410.0,63138310.43
2015-05-25,25.21,25.335,25.065,25.215,717005.0,18062376.52
2015-05-26,25.175,25.315,25.005,25.045,3145477.0,79012228.77
2015-05-27,25.14,25.39,25.055,25.335,4117863.0,103986595.78
2015-05-28,25.255,25.385,25.045,25.2,2281002.0,57553346.67
2015-05-29,25.215,25.41,24.78,24.805,4668196.0,116718986.46
2015-06-01,24.88,25.105,24.62,24.865,2970762.0,73765114.38
2015-06-02,24.98,25.055,24.475,24.64,3762689.0,92963346.16
2015-06-03,24.53,24.88,24.415,24.565,3356212.0,82639648.43
2015-06-04,24.5,24.76,24.065,24.56,4294413.0,105032891.43
2015-06-05,24.295,24.375,23.955,24.145,4060537.0,98044358.16
2015-06-08,24.085,24.19,23.87,24.065,2789407.0,67168087.52
2015-06-09,23.995,24.07,23.65,24.06,3628907.0,86908331.85
2015-06-10,23.88,24.615,23.82,24.485,4248477.0,103413259.9
2015-06-26,23.5,23.64,23.3,23.525,6144542.0,144390435.64
2015-06-29,22.705,23.27,22.515,22.95,6605147.0,151449526.1
2015-06-30,22.9,23.18,22.635,22.82,8405473.0,192912714.41
2015-07-01,23.0,23.55,22.855,23.33,6778372.0,158156689.66
2015-07-02,23.39,23.445,23.195,23.205,3760930.0,87608917.83
2015-07-03,23.24,23.365,22.885,22.975,3042933.0,70219004.5
2015-07-06,22.535,23.045,22.39,22.87,4851412.0,110857139.96
2015-07-07,22.905,22.92,22.315,22.375,5902109.0,132879274.58
2015-07-08,22.435,22.84,22.365,22.605,4865587.0,110139631.79
2015-07-09,22.67,23.205,22.64,23.08,4539383.0,104409527.27
2015-07-10,23.815,23.85,23.49,23.585,4940299.0,116658565.45
2015-07-13,23.865,23.98,23.695,23.92,5774316.0,137787994.34
2015-07-14,23.88,24.065,23.86,23.98,3408032.0,81638845.03
2015-07-15,24.0,24.09,23.915,24.045,2311927.0,55537575.22
2015-07-16,24.235,24.455,24.12,24.33,4319049.0,105180899.6
2015-07-17,24.42,24.515,24.29,24.37,3562430.0,86981038.01
2015-07-20,24.4,24.665,24.385,24.42,1981552.0,48556528.8
2015-07-21,24.515,24.57,24.24,24.285,2009912.0,48969722.95
2015-07-22,24.175,24.35,24.12,24.31,2837466.0,68840822.37
2015-07-23,24.445,24.52,24.215,24.355,2447925.0,59578582.21
2015-07-24,24.24,24.485,24.15,24.185,3535796.0,85873015.45
2015-07-27,25.09,25.485,24.475,24.475,8406633.0,209079034.12
2015-07-28,25.03,25.22,24.805,25.01,5511105.0,137920870.57
2015-07-29,25.01,25.125,24.765,25.005,3929146.0,98140204.74
2015-07-30,25.11,25.41,25.105,25.32,3888571.0,98205957.71
2015-07-31,25.335,25.385,25.05,25.315,4525102.0,114163696.72
2015-08-03,25.25,25.675,25.25,25.62,2930069.0,74885871.01
2015-08-04,25.605,25.75,25.495,25.565,2340047.0,59877721.9
2015-08-05,25.645,25.7,25.4,25.55,3533004.0,90325234.19
2015-08-06,25.465,25.865,25.435,25.575,3094973.0,79338596.26
2015-08-07,25.505,25.61,25.35,25.35,2390541.0,60844325.91
2015-08-10,25.5,25.755,25.26,25.71,2331305.0,59689949.53
2015-08-11,25.605,25.65,25.225,25.355,3110966.0,78998292.44
2015-08-12,25.07,25.105,24.3,24.4,4739186.0,116550501.26
2015-08-13,24.79,24.89,24.48,24.555,2604940.0,64276727.52
2015-08-14,24.595,24.715,24.345,24.475,2034765.0,49807518.44
2015-08-17,24.67,24.785,24.15,24.445,2438000.0,59536510.07
2015-08-18,24.395,24.945,24.345,24.82,3147524.0,77704015.82
2015-08-19,24.67,24.685,24.305,24.305,2304807.0,56266995.31
2015-08-20,24.16,24.195,23.72,23.75,3412455.0,81508583.12
2015-08-21,23.41,23.695,22.955,22.995,5950144.0,138804510.85
2015-08-24,22.45,22.635,20.965,21.94,12616114.0,276435040.93
2015-08-25,22.215,22.755,22.02,22.365,9580022.0,214467031.34
2015-08-26,22.175,22.705,21.715,22.22,6493045.0,144723824.76
2015-08-27,22.66,23.235,22.655,23.04,5719579.0,131528457.88
2015-08-28,23.02,23.135,22.75,23.105,2698451.0,61970892.45
2015-08-31,22.98,23.19,22.78,22.92,3079914.0,70606955.88
2015-09-01,22.53,22.685,22.18,22.505,3912510.0,87861524.7
2015-09-02,22.76,22.97,22.605,22.71,4182872.0,95193785.12
2015-09-03,22.865,23.12,22.755,22.94,4826389.0,110711833.53
2015-09-04,22.7,22.895,22.495,22.675,4367928.0,99149462.01
2015-09-07,22.92,23.09,22.725,22.86,2125912.0,48635747.82
2015-09-08,22.985,23.28,22.915,22.915,4029123.0,92894262.7
2015-09-09,23.4,23.615,23.25,23.29,2735612.0,63976901.11
2015-09-10,23.14,23.255,22.805,22.89,3390540.0,77926981.125
2015-09-11,23.005,23.135,22.685,22.75,3188009.0,72719754.4
2015-09-14,22.75,23.035,22.57,22.57,3415864.0,77605497.96
2015-09-15,22.75,23.24,22.145,22.365,6449408.0,145262612.0
2015-09-16,22.495,22.665,22.41,22.515,3611072.0,81366574.91
2015-09-17,22.595,22.68,21.995,22.155,4508965.0,99938863.9
2015-09-18,22.0,22.06,21.41,21.715,7938875.0,171972408.83
2015-09-21,21.655,21.995,21.635,21.905,2636967.0,57639056.84
2015-09-22,21.9,21.945,21.285,21.405,4165408.0,89451657.29
2015-09-23,21.35,21.725,21.315,21.375,3248923.0,69802327.52
2015-09-24,21.31,21.375,20.655,20.87,3944338.0,82617005.95
2015-09-25,21.13,21.505,21.115,21.365,3942755.0,84281055.16
2015-09-28,21.3,21.3,20.75,20.865,3321955.0,69558838.21
2015-09-29,20.51,20.985,20.475,20.785,2891216.0,60080880.41
2015-09-30,21.13,21.295,20.985,21.045,4558467.0,96252362.74
2015-10-01,21.4,21.475,21.005,21.09,4505638.0,95787807.47
2015-10-02,21.29,21.64,20.89,21.23,3727967.0,79187002.565
2015-10-05,21.53,21.98,21.49,21.86,3380775.0,73829838.56
2015-10-06,21.895,22.14,21.7,21.94,2735893.0,60063284.2281
2015-10-07,22.06,22.36,21.965,22.07,3513948.0,77887037.25
2015-10-08,22.04,22.215,21.87,22.195,3815435.0,84133773.73
2015-10-09,22.39,22.7,22.335,22.57,3473796.0,78332792.48
2015-10-12,22.565,22.6,22.23,22.415,2554628.0,57193972.5
2015-10-13,22.295,22.34,21.93,22.245,3093718.0,68546534.02
2015-10-14,22.1,22.325,21.985,22.08,2061565.0,45610790.6
2015-10-15,22.23,22.415,22.075,22.355,2430110.0,54162989.14
2015-10-16,22.55,22.685,22.25,22.41,4293154.0,96407654.95
2015-10-19,22.31,22.715,22.3,22.555,2357778.0,53146434.55
2015-10-20,22.505,22.62,22.26,22.41,2541878.0,56951212.255
2015-10-21,22.435,22.645,22.325,22.555,2199026.0,49515362.31
2015-10-22,22.515,23.125,22.395,23.06,3634808.0,83013901.74
2015-10-23,23.37,23.98,23.26,23.75,5187553.0,122964111.26
2015-10-26,23.1,23.94,22.93,23.65,4826605.0,113539085.57
2015-10-27,23.655,24.065,23.635,23.845,4691917.0,112042208.25
2015-10-28,23.955,24.405,23.875,24.275,3246669.0,78651819.92
2015-10-29,24.32,24.495,24.22,24.36,3402788.0,82910194.01
2015-10-30,24.49,24.63,24.365,24.59,3168102.0,77717949.58
2015-11-02,24.355,24.83,24.28,24.665,2411369.0,59477857.7
2015-11-03,24.695,24.795,24.605,24.775,2241046.0,55395545.92
2015-11-04,24.825,24.84,24.395,24.605,4783195.0,117652211.85
2015-11-05,24.82,25.21,24.765,24.885,4731313.0,118118239.15
2015-11-06,24.91,25.515,24.795,25.275,3840104.0,96834580.88
2015-11-09,25.45,25.485,24.855,24.855,3917584.0,98554555.11
2015-11-10,24.905,25.015,24.545,24.77,2787286.0,68979425.81
2015-11-11,24.74,25.085,24.5,24.825,3147533.0,78085788.58
2015-11-12,24.745,25.13,24.475,24.615,3811970.0,94345361.39
2015-11-13,24.51,24.625,24.125,24.395,3407595.0,82919063.13
2015-11-16,24.05,24.59,24.05,24.445,2398281.0,58561967.22
2015-11-17,24.62,25.185,24.58,25.15,3719308.0,93166745.3
2015-11-18,25.0,25.16,24.74,24.95,3216980.0,80274406.46
2015-11-19,25.085,25.315,24.74,25.135,4336094.0,108837001.2
2015-11-20,25.25,25.405,25.0,25.375,3171943.0,80160704.15
2015-11-23,25.37,25.38,25.075,25.275,1728634.0,43660913.24
2015-11-24,25.21,25.21,24.82,25.125,3399707.0,85160222.28
2015-11-25,25.235,25.56,24.965,25.44,3018427.0,76726463.89
2015-11-26,25.43,25.905,25.38,25.85,3274596.0,84400795.55
2015-11-27,25.81,26.06,25.75,25.815,2682162.0,69458586.86
2015-11-30,25.81,26.095,25.72,25.88,4904785.0,127035634.82
2015-12-01,25.995,26.02,25.35,25.49,3558777.0,91310785.68
2015-12-02,25.49,25.61,25.195,25.41,3154203.0,80094235.29
2015-12-03,25.38,25.715,24.445,24.57,6642917.0,165662864.28
2015-12-04,24.495,24.685,24.175,24.49,4341123.0,106034027.7
2015-12-07,24.73,25.01,24.56,24.83,2992902.0,74406552.66
2015-12-08,24.765,24.835,24.265,24.4,3449146.0,84505687.59
2015-12-09,24.47,24.485,24.025,24.23,3526750.0,85414447.47
2015-12-10,24.185,24.34,23.94,24.095,3592448.0,86571766.65
2015-12-11,24.0,24.1,23.535,23.745,3226709.0,76733328.84
2015-12-14,23.785,24.09,23.25,23.345,3912070.0,92324666.89
2015-12-15,23.535,23.875,23.435,23.77,3669717.0,87055325.96
2015-12-16,23.83,24.265,23.64,24.12,3964201.0,95388887.63
2015-12-17,24.51,24.775,24.105,24.135,5115572.0,124657247.2
2015-12-18,23.88,24.01,23.415,23.545,6928039.0,163921522.77
2015-12-21,23.505,23.87,23.19,23.19,3214147.0,75393078.92
2015-12-22,23.37,23.39,22.95,23.24,2564620.0,59527879.02
2015-12-23,23.52,23.845,23.47,23.72,3122474.0,74023165.53
2015-12-24,23.835,23.835,23.53,23.78,339765.0,8043689.96
2015-12-28,23.875,23.955,23.455,23.57,1466434.0,34617252.5
2015-12-29,23.77,24.08,23.73,24.08,2175848.0,52244693.83
2015-12-30,23.965,24.13,23.855,23.935,2073743.0,49724449.53
2015-12-31,23.755,23.755,23.47,23.56,912939.0,21528578.05
2016-01-04,23.35,23.35,22.71,22.91,5656034.0,129252268.64
2016-01-05,23.025,23.105,22.625,22.965,3636117.0,83219707.65
2016-01-06,22.865,22.93,22.34,22.685,2742407.0,61948877.1
2016-01-07,22.17,22.645,21.97,22.48,5786307.0,129213610.83
2016-01-08,22.54,22.67,22.08,22.145,4438134.0,99108227.97
2016-01-11,22.145,22.795,22.145,22.51,5224739.0,117776010.01
2016-01-12,22.61,23.6,22.47,22.995,7757496.0,179172257.6
2016-01-13,23.25,23.435,22.805,22.96,3964341.0,91577780.51
2016-01-14,22.75,23.085,22.25,22.945,6780080.0,153934466.05
2016-01-15,22.835,22.97,22.225,22.36,7157707.0,161167496.73
2016-01-18,22.31,22.735,22.185,22.645,5372095.0,121032615.82
2016-01-19,23.0,23.105,22.68,22.88,4970191.0,113817917.76
2016-01-20,22.45,22.595,22.14,22.385,5330905.0,119088972.59
2016-01-21,22.35,22.86,22.31,22.68,5375895.0,121594206.42
2016-01-22,22.1,22.95,21.995,22.66,8620425.0,194861659.43
2016-01-25,22.685,22.95,22.515,22.725,4672638.0,106074848.11
2016-01-26,23.1,24.64,23.1,24.11,13208708.0,317083493.9
2016-01-27,24.19,24.275,23.855,24.275,5150097.0,124105443.56
2016-01-28,24.115,24.4,23.605,23.835,6233489.0,149450505.76
2016-01-29,24.1,24.495,23.85,24.495,5611824.0,136008996.56
2016-02-01,24.73,24.74,24.175,24.33,3847575.0,93708389.6
2016-02-02,24.25,24.25,23.64,23.805,4447126.0,106129741.33
2016-02-03,23.79,23.885,23.045,23.45,5635615.0,132357597.42
2016-02-04,23.75,23.775,22.97,22.995,6842034.0,158814700.75
2016-02-05,23.235,23.32,22.75,22.855,4858332.0,111913355.24
2016-02-08,22.855,22.945,21.725,21.805,7415147.0,163754996.94
2016-02-09,21.755,21.99,21.13,21.635,6347216.0,136715301.84
2016-02-10,21.84,22.065,21.565,21.69,5403884.0,117851734.78
2016-02-11,21.455,21.455,20.84,20.945,5576465.0,117410966.62
2016-02-12,21.155,21.195,20.775,21.0,5528348.0,115848340.12
2016-02-15,21.31,21.675,21.205,21.515,3574168.0,76885254.4
2016-02-16,21.615,21.66,21.375,21.61,5444206.0,117261181.85
2016-02-17,21.67,22.155,21.655,22.135,3794303.0,83617034.06
2016-02-18,22.285,22.415,22.045,22.235,3441424.0,76602180.95
2016-02-19,22.44,22.68,22.235,22.39,5911612.0,132709003.6
2016-02-22,22.47,22.95,22.47,22.93,3410451.0,77819364.95
2016-02-23,22.805,23.005,22.685,22.795,3003417.0,68668859.27
2016-02-24,22.815,22.815,22.14,22.325,3862117.0,86475028.7
2016-02-25,22.6,22.885,22.515,22.805,3083516.0,70114421.42
2016-02-26,23.05,23.43,22.99,23.205,3741317.0,86966122.33
2016-02-29,23.065,23.47,22.93,23.435,4419136.0,102869269.5
2016-03-01,23.555,24.21,23.465,24.21,4967062.0,119077328.01
2016-03-02,24.33,24.415,23.85,23.94,3763660.0,90529255.18
2016-03-03,23.95,24.0,23.575,23.695,3868757.0,91816827.85
2016-03-04,23.835,24.25,23.775,24.205,3322962.0,79993892.09
2016-03-07,24.125,24.125,23.97,24.02,2248102.0,54028272.05
2016-03-08,23.77,24.015,23.66,23.82,2756248.0,65622223.83
2016-03-09,23.86,24.16,23.835,23.935,2363528.0,56725489.4
2016-03-10,24.0,24.87,23.56,23.56,5493875.0,132115462.24
2016-03-11,23.8,24.2,23.765,23.97,3404452.0,81705586.48
2016-03-14,24.29,24.575,24.14,24.455,2955132.0,72219775.68
2016-03-15,24.28,24.385,24.085,24.35,3804614.0,92479030.47
2016-03-16,24.45,24.5,24.265,24.5,2709770.0,66219898.09
2016-03-17,24.685,24.775,23.945,24.5,4565929.0,110893198.99
2016-03-18,24.595,24.75,24.335,24.74,7913349.0,194878791.51
2016-03-21,24.63,24.745,24.47,24.65,3096996.0,76263002.33
2016-03-22,24.745,24.82,24.495,24.795,3015963.0,74455266.81
2016-03-23,24.78,24.89,24.555,24.855,3981615.0,98486286.49
2016-03-24,24.595,24.805,24.445,24.47,2881411.0,70757109.06
2016-03-29,24.615,24.89,24.615,24.89,2622944.0,65094756.78
2016-03-30,24.9,25.6,24.875,25.125,3861255.0,97507029.76
2016-03-31,25.095,25.19,24.955,25.035,3206283.0,80311826.13
2016-04-01,24.755,24.815,24.275,24.7,3774082.0,92931912.35
2016-04-04,24.3,24.67,23.78,24.295,5376114.0,130676029.635
2016-04-05,23.995,23.995,23.72,23.885,2712828.0,64716450.885
2016-04-06,23.92,23.925,23.59,23.825,2966451.0,70384795.96
2016-04-07,23.855,23.98,23.51,23.545,3250646.0,76984262.235
2016-04-08,23.635,24.045,23.615,23.975,3226469.0,77069011.9
2016-04-11,23.895,24.08,23.625,23.93,2135070.0,51110640.97
2016-04-12,24.025,24.265,23.795,24.245,2259768.0,54472571.485
2016-04-13,24.435,24.78,24.435,24.675,3236904.0,79832444.775
2016-04-14,24.74,24.935,24.685,24.875,3032038.0,75346588.77
2016-04-15,24.755,25.065,24.66,24.89,3676128.0,91543797.135
2016-04-18,24.615,25.115,24.61,25.02,2697325.0,67260077.445
2016-04-19,25.045,25.32,25.03,25.14,2351940.0,59243559.446
2016-04-20,25.04,25.22,25.035,25.145,2353960.0,59172334.67
2016-04-21,25.195,25.375,24.935,25.195,2213752.0,55695416.65
2016-04-22,25.175,25.37,24.925,25.15,2700923.0,68006186.1856
2016-04-25,24.25,24.47,23.68,24.075,5597983.0,134370407.59
2016-04-26,24.18,24.48,24.16,24.48,3268524.0,79683614.925
2016-04-27,24.42,24.705,24.355,24.67,2499956.0,61455863.13
2016-04-28,24.59,24.78,24.1,24.715,2724668.0,66793700.125
2016-04-29,24.45,24.475,23.96,24.0,3153179.0,76078717.845
2016-05-02,23.985,24.08,23.82,23.91,1831656.0,43845637.37
2016-05-03,23.755,23.84,23.315,23.32,3846133.0,90076968.115
2016-05-04,23.25,23.47,23.085,23.12,2507358.0,58204671.84
2016-05-05,23.16,23.345,23.085,23.145,2534247.0,60162251.989
2016-05-06,23.07,23.19,22.865,23.18,2828574.0,65214633.32
2016-05-09,23.3,23.375,23.13,23.2,2585145.0,60045761.655
2016-05-10,23.32,23.595,23.27,23.42,2575411.0,60322727.53
2016-05-11,23.405,23.5,23.065,23.095,2615253.0,60500450.08
2016-05-12,23.255,23.34,22.865,22.955,3849157.0,88951627.445
2016-05-13,22.77,23.065,22.6,23.01,4431496.0,101615189.055
2016-05-16,22.05,22.62,21.975,22.565,2518699.0,56370216.735
2016-05-17,22.66,22.905,22.57,22.65,3817556.0,86651643.1005
2016-05-18,22.675,22.895,22.555,22.885,3237824.0,73734266.83
2016-05-19,22.75,22.98,22.61,22.9,3055786.0,69792750.385
2016-05-20,23.0,23.115,22.93,23.005,3440446.0,79202345.445
2016-05-23,22.97,23.155,22.83,23.04,2096122.0,48258268.4
2016-05-24,22.915,23.6,22.81,23.46,3327130.0,77758862.795
2016-05-25,23.655,23.89,23.555,23.825,2937721.0,69817349.795
2016-05-26,23.695,24.07,23.65,24.04,2736569.0,65619827.325
2016-05-27,24.17,24.35,24.02,24.33,3102375.0,75250285.93
2016-05-30,24.33,24.36,24.245,24.305,1202493.0,29221896.7
2016-05-31,24.275,24.375,24.165,24.22,3796776.0,92048500.205
2016-06-01,24.22,24.38,24.0,24.075,2396304.0,57771377.3
2016-06-02,24.095,24.265,24.085,24.105,2302247.0,55604038.605
2016-06-03,24.23,24.275,23.755,23.87,2038000.0,48958194.495
2016-06-06,23.78,23.925,23.68,23.805,1198969.0,28544522.89
2016-06-07,23.92,24.105,23.87,23.93,2046776.0,49059614.715
2016-06-08,23.81,23.825,23.46,23.495,2893569.0,68137108.025
2016-06-09,23.415,23.455,23.085,23.145,2850741.0,66130508.175
2016-06-10,23.025,23.025,22.62,22.775,3578425.0,81499983.795
2016-06-13,22.59,22.75,22.495,22.5,3265714.0,73789278.665
2016-06-14,22.2,22.385,22.075,22.2,4077192.0,90577248.21
2016-06-15,22.405,22.495,22.21,22.21,3299759.0,73633070.12
2016-06-16,21.945,22.07,21.76,21.935,3571877.0,78398563.2
2016-06-17,22.095,22.35,22.005,22.005,7026348.0,155202495.525
2016-06-20,22.5,22.855,22.46,22.77,3223667.0,73328800.07
2016-06-21,22.76,23.215,22.69,23.145,3095936.0,71445000.23
2016-06-22,23.24,23.44,23.125,23.165,2464753.0,57315474.235
2016-06-23,23.355,23.775,23.21,23.685,3646646.0,85839185.88
2016-06-24,21.88,22.605,21.615,22.1,9597201.0,212005575.455
2016-06-27,21.0,21.82,20.9,21.01,7431220.0,157851077.285
2016-06-28,21.43,21.625,21.23,21.255,3653413.0,78135922.775
2016-06-29,21.5,21.975,21.43,21.975,3916146.0,85425601.165
2016-06-30,21.895,22.395,21.795,22.395,4266362.0,94946012.815
2016-07-01,22.415,22.59,22.225,22.485,3022380.0,67800803.615
2016-07-04,22.485,22.635,22.27,22.305,1572289.0,35167785.37
2016-07-05,22.23,22.295,21.73,21.78,3197150.0,69820959.86
2016-07-06,21.63,21.935,21.315,21.58,4115058.0,88751482.59
2016-07-07,21.62,21.98,21.605,21.835,2827825.0,61717530.7
2016-07-08,21.76,22.445,21.715,22.3,2952233.0,65522453.375
2016-07-11,22.445,22.915,22.37,22.82,2706368.0,61663517.4
2016-07-12,22.815,23.13,22.78,22.99,2418384.0,55621082.23
2016-07-13,22.91,23.18,22.905,23.005,1758911.0,40536342.555
2016-07-14,23.085,23.47,23.05,23.365,3370367.0,78611811.73
2016-07-15,23.34,23.485,23.185,23.34,2866043.0,66873979.81
2016-07-18,23.275,23.52,23.19,23.285,1810222.0,42249371.605
2016-07-19,23.22,23.33,22.995,23.27,1936137.0,44955455.035
2016-07-20,23.445,23.765,23.395,23.74,2173020.0,51451767.645
2016-07-21,23.57,23.8,23.515,23.575,2835402.0,67070901.16
2016-07-22,23.65,23.99,23.575,23.785,3314654.0,78910573.14
2016-07-25,23.64,24.495,23.61,24.285,4904107.0,118579988.17
2016-07-26,24.45,24.58,24.295,24.39,3764242.0,91896951.13
2016-07-27,24.45,24.56,24.19,24.26,4941529.0,120459658.265
2016-07-28,24.23,24.415,23.94,23.95,4296987.0,103418047.955
2016-07-29,24.05,24.085,23.815,23.87,3883219.0,92888624.46
2016-08-01,23.95,24.1,23.62,23.825,2743738.0,65356071.385
2016-08-02,23.705,23.84,23.46,23.51,2682211.0,63192583.62
2016-08-03,23.54,23.59,23.235,23.525,2455529.0,57592216.655
2016-08-04,23.6,23.805,23.515,23.74,2720541.0,64354063.525
2016-08-05,23.835,24.04,23.775,23.985,2743853.0,65746473.98
2016-08-08,23.995,24.24,23.865,24.235,2493451.0,60265201.1225
2016-08-09,24.24,24.63,24.165,24.6,2445379.0,59790336.065
2016-08-10,24.85,25.04,24.71,24.97,3631250.0,90587378.96
2016-08-11,25.08,25.225,24.94,25.22,2153503.0,54055450.31
2016-08-12,25.19,25.245,25.105,25.15,1869680.0,47069859.05
2016-08-15,25.16,25.395,25.14,25.26,1910328.0,48323897.875
2016-08-16,25.15,25.245,25.015,25.17,2488465.0,62615735.45
2016-08-17,25.27,25.37,25.05,25.18,2435186.0,61304188.89
2016-08-18,25.24,25.455,25.24,25.425,2167543.0,55050818.515
2016-08-19,25.48,25.605,25.29,25.605,2898967.0,73941084.07
2016-08-22,25.535,25.7,25.28,25.345,2673304.0,67976473.985
2016-08-23,25.41,25.73,25.41,25.57,2559457.0,65470802.325
2016-08-24,25.425,26.015,25.305,26.015,3881584.0,100551933.67
2016-08-25,25.8,25.81,25.615,25.74,2691736.0,69224409.715
2016-08-26,25.695,25.99,25.6,25.985,1941989.0,50229577.04
2016-08-29,25.86,25.99,25.69,25.975,1226021.0,31707231.44
2016-08-30,25.98,26.25,25.93,26.18,2515765.0,65824035.19
2016-08-31,26.07,26.215,26.0,26.04,2308857.0,60225518.33
2016-09-01,26.055,26.415,26.025,26.1,2942573.0,77096709.39
2016-09-02,26.22,26.615,26.13,26.575,3076263.0,81193595.41
2016-09-05,26.67,26.71,26.545,26.62,1560604.0,41556199.11
2016-09-06,26.69,26.73,26.215,26.22,2631973.0,69419243.63
2016-09-07,26.315,26.455,26.2,26.325,1884445.0,49621967.68
2016-09-08,26.25,26.25,25.565,25.815,3211101.0,82974660.065
2016-09-09,25.81,25.945,25.48,25.615,2294108.0,58924843.52
2016-09-12,25.19,25.455,25.015,25.45,2465876.0,62425292.545
2016-09-13,25.565,25.65,25.215,25.25,2518412.0,63988136.51
2016-09-14,25.385,25.51,25.23,25.445,3006331.0,76408789.52
2016-09-15,25.4,25.91,25.355,25.88,3286688.0,84636567.46
2016-09-16,25.755,25.925,25.37,25.575,6503564.0,166381782.75
2016-09-19,25.77,25.985,25.75,25.96,2051944.0,53189061.21
2016-09-20,25.865,26.1,25.765,25.86,1536058.0,39841647.41
2016-09-21,26.07,26.185,25.955,25.96,1514183.0,39414532.82
2016-09-22,26.135,26.775,26.095,26.7,3250122.0,86551577.73
2016-09-23,26.585,26.675,26.5,26.605,2304146.0,61282338.995
2016-09-26,26.455,26.46,26.205,26.245,2359511.0,62024550.27
2016-09-27,26.37,26.47,25.965,26.35,2136023.0,55987181.61
2016-09-28,26.465,26.745,26.395,26.575,2850070.0,75694652.59
2016-09-29,26.74,26.77,26.32,26.335,2234966.0,59232693.08
2016-09-30,26.21,26.415,25.83,26.38,3914077.0,102350975.6
2016-10-03,26.465,26.72,26.115,26.235,2220581.0,58458130.025
2016-10-04,26.135,26.545,26.13,26.485,2962678.0,78282549.055
2016-10-05,26.255,26.505,26.05,26.505,2004294.0,52856854.95
2016-10-06,26.555,26.74,26.445,26.51,2338399.0,62087875.19
2016-10-07,26.595,26.595,26.08,26.21,2828059.0,74202696.19
2016-10-10,26.34,26.565,26.14,26.56,1590548.0,42074407.93
2016-10-11,26.45,26.495,26.245,26.28,1922343.0,50645295.55
2016-10-12,26.32,26.405,26.085,26.115,1583209.0,41480293.35
2016-10-13,26.0,26.23,25.7,26.185,2902216.0,75538696.89
2016-10-14,26.3,26.58,26.215,26.355,2450161.0,64694309.85
2016-10-17,26.25,26.55,26.195,26.45,1822790.0,48152250.095
2016-10-18,26.57,26.69,26.49,26.625,2559551.0,68137411.69
2016-10-19,26.505,26.505,26.28,26.315,2585130.0,68104719.84
2016-10-20,26.36,26.42,26.07,26.155,3293781.0,86329335.405
2016-10-21,26.26,26.345,26.045,26.175,3675456.0,96279161.68
2016-10-24,26.57,27.5,26.555,27.315,5747930.0,156577692.34
2016-10-25,27.28,27.645,27.18,27.305,3071263.0,84082637.23
2016-10-26,27.43,27.69,27.325,27.68,4261691.0,117477695.605
2016-10-27,27.615,27.68,27.24,27.46,3382322.0,92944093.225
2016-10-28,27.305,27.73,26.91,27.73,3265083.0,89803278.2
2016-10-31,27.56,27.745,27.46,27.46,3446643.0,94856738.54
2016-11-01,27.525,27.695,27.025,27.06,2811314.0,76529042.88
2016-11-02,26.985,27.01,26.74,26.85,2801822.0,75266844.13
2016-11-03,26.85,26.92,26.46,26.495,3368332.0,89640925.68
2016-11-04,26.495,27.16,26.28,26.795,4321746.0,115122852.86
2016-11-07,27.22,27.555,27.16,27.43,3742543.0,102349459.57
2016-11-08,27.39,27.705,27.35,27.705,2860561.0,78966188.38
2016-11-09,26.815,27.74,26.62,27.39,7725236.0,210471093.92
2016-11-10,27.535,27.785,27.03,27.14,4790995.0,131310040.61
2016-11-11,27.255,27.38,26.655,26.77,3464269.0,93021906.14
2016-11-14,27.05,27.53,27.0,27.055,3571561.0,97142946.81
2016-11-15,27.145,27.265,27.02,27.155,2377333.0,64521701.78
2016-11-16,27.26,27.275,26.64,26.85,3515713.0,94569560.82
2016-11-17,26.905,27.28,26.825,27.205,2426840.0,65800939.57
2016-11-18,27.36,27.44,27.0,27.175,2793064.0,75877009.7
2016-11-21,27.325,27.435,27.04,27.23,1686054.0,46011808.33
2016-11-22,27.46,27.46,27.145,27.305,1773943.0,48480521.53
2016-11-23,27.625,28.04,27.56,27.9,4464586.0,124343374.44
2016-11-24,27.995,27.995,27.565,27.63,1697846.0,47001038.34
2016-11-25,27.765,27.765,27.47,27.6,1109852.0,30634210.53
2016-11-28,27.475,27.6,27.06,27.095,2363676.0,64281963.75
2016-11-29,27.095,27.525,27.0,27.525,2873795.0,78675691.27
2016-11-30,27.45,27.475,27.015,27.14,5382158.0,146146758.21
2016-12-01,27.06,27.18,26.885,27.105,2719208.0,73567657.39
2016-12-02,26.915,26.915,26.4,26.6,3635135.0,96674374.56
2016-12-05,26.465,27.245,26.46,26.85,3679229.0,99101529.09
2016-12-06,26.935,27.22,26.735,27.19,2354999.0,63643018.32
2016-12-07,27.5,27.63,27.33,27.63,3031189.0,83442270.99
2016-12-08,27.75,28.08,27.375,28.0,3707345.0,103133299.7
2016-12-09,27.985,28.09,27.67,28.025,2652503.0,73983712.9
2016-12-12,27.95,28.115,27.59,28.095,3555225.0,99311612.91
2016-12-13,28.11,28.34,28.025,28.095,2707991.0,76245810.32
2016-12-14,28.11,28.19,27.965,28.0,2384925.0,66859941.35
2016-12-15,28.06,28.5,28.05,28.38,3797072.0,107607010.7
2016-12-16,28.345,28.45,27.965,27.99,7823071.0,220290126.79
2016-12-19,28.1,28.36,28.1,28.36,2853337.0,80653980.88
2016-12-20,28.5,28.67,28.335,28.67,2693744.0,76818376.11
2016-12-21,28.68,28.785,28.51,28.785,2393775.0,68683133.85
2016-12-22,28.7,28.96,28.675,28.96,2417051.0,69804940.01
2016-12-23,28.965,29.03,28.825,28.96,1656040.0,47942615.68
2016-12-27,29.09,29.1,28.925,29.035,947926.0,27506787.96
2016-12-28,29.035,29.09,29.005,29.07,1338567.0,38884191.3
2016-12-29,28.915,29.0,28.83,28.93,1261276.0,36472295.24
2016-12-30,28.895,29.0,28.8,29.0,1830337.0,52974094.77
2017-01-02,28.97,29.42,28.905,29.4,1169363.0,34276454.59
2017-01-03,29.45,29.45,28.71,28.945,3001620.0,87104348.81
2017-01-04,28.915,28.915,28.365,28.555,3673379.0,104832890.78
2017-01-05,28.335,28.7,28.28,28.335,3302472.0,93798137.84
2017-01-06,28.385,28.58,28.32,28.46,2642395.0,75168288.94
2017-01-09,28.53,28.685,28.405,28.685,1713764.0,48991984.95
2017-01-10,28.745,28.865,28.49,28.865,2793428.0,80334441.47
2017-01-11,28.81,29.385,28.63,29.05,3648438.0,105826055.11
2017-01-12,28.89,28.925,28.5,28.58,3501386.0,100281075.05
2017-01-13,28.775,28.965,28.615,28.88,2594681.0,74847021.05
2017-01-16,28.685,28.8,28.455,28.47,2515807.0,71899494.35
2017-01-17,28.4,28.4,28.135,28.235,3863468.0,109159880.42
2017-01-18,28.27,28.395,28.07,28.365,2549724.0,72008657.65
2017-01-19,28.595,28.67,28.24,28.295,3245498.0,92181733.18
2017-01-20,27.95,28.205,27.9,27.92,5310912.0,148782215.67
2017-01-23,27.85,27.99,27.55,27.875,3318958.0,92391819.94
2017-01-24,26.75,27.41,26.54,27.37,8273187.0,224155511.83
2017-01-25,27.285,27.855,27.285,27.725,5146892.0,142413499.92
2017-01-26,27.8,28.09,27.68,28.05,4422379.0,123564333.85
2017-01-27,27.93,27.965,27.465,27.735,4415879.0,122291172.6
2017-01-30,27.645,27.815,27.2,27.235,3311648.0,90613828.45
2017-01-31,27.225,27.47,27.035,27.135,4118350.0,112156558.19
2017-02-01,27.29,27.515,27.16,27.19,2996869.0,81894150.78
2017-02-02,26.9,27.445,26.9,27.39,3313244.0,90446439.42
2017-02-03,27.41,27.725,27.39,27.48,2559386.0,70557456.47
2017-02-06,27.4,27.58,27.21,27.225,2003306.0,54714139.89
2017-02-07,27.125,27.29,27.03,27.03,2540396.0,68894185.88
2017-02-08,27.06,27.255,26.9,27.055,2492202.0,67418095.24
2017-02-09,27.07,27.365,27.02,27.3,2603152.0,70908110.76
2017-02-10,27.285,27.35,27.095,27.185,3432007.0,93382215.0
2017-02-13,27.28,27.695,27.265,27.6,2111353.0,58121627.19
2017-02-14,27.575,27.76,27.44,27.48,2094746.0,57703371.0
2017-02-15,27.535,27.645,27.425,27.61,2281995.0,62884360.61
2017-02-16,27.65,27.665,27.36,27.665,2591755.0,71471130.74
2017-02-17,27.585,27.77,27.345,27.76,4377699.0,120923846.38
2017-02-20,27.995,28.0,27.755,27.865,1704544.0,47493901.11
2017-02-21,27.8,28.115,27.66,28.065,2878695.0,80538785.89
2017-02-22,28.095,28.2,27.95,28.115,2709425.0,76032158.07
2017-02-23,28.095,28.145,27.945,27.98,1789325.0,50108280.33
2017-02-24,27.97,28.04,27.67,27.975,2430337.0,67762421.29
2017-02-27,28.2,28.455,28.085,28.27,2460357.0,69517609.31
2017-02-28,28.375,28.545,28.11,28.535,3733312.0,106155856.77
2017-03-01,28.66,29.145,28.66,29.04,3609994.0,104625200.15
2017-03-02,29.065,29.13,28.885,29.03,2029033.0,58846886.76
2017-03-03,29.0,29.21,28.9,29.2,2304832.0,67077771.6
2017-03-06,29.13,29.13,28.805,29.045,2603137.0,75435811.43
2017-03-07,29.0,29.11,28.795,28.865,1913503.0,55295118.99
2017-03-08,28.85,28.88,28.63,28.815,2308581.0,66495232.98
2017-03-09,28.8,28.85,28.525,28.605,2916145.0,83548759.56
2017-03-10,28.645,28.8,28.425,28.45,2708599.0,77352007.89
2017-03-13,28.495,28.65,28.445,28.6,1830351.0,52306960.14
2017-03-14,28.7,28.71,28.54,28.63,1940272.0,55534133.63
2017-03-15,28.715,28.9,28.705,28.9,2950837.0,85150726.09
2017-03-16,29.1,29.185,28.94,29.175,3522053.0,102491134.79
2017-03-17,29.1,29.25,28.955,29.25,7772465.0,226848384.38
2017-03-20,29.345,29.59,29.22,29.455,2614225.0,76920959.31
2017-03-21,29.435,29.47,29.12,29.145,2459727.0,71922920.22
2017-03-22,29.05,29.325,28.92,29.31,2097332.0,61152447.0
2017-03-23,29.255,29.585,29.095,29.585,2319972.0,68217160.26
2017-03-27,29.28,29.495,29.195,29.415,1832807.0,53794151.77
2017-03-28,29.49,29.745,29.405,29.745,1935433.0,57381423.345
2017-03-29,29.8,30.025,29.76,29.785,2365266.0,70648580.96
2017-03-30,29.785,30.0,29.765,30.0,1579181.0,47256960.055
2017-03-31,29.9,30.13,29.83,30.13,3066226.0,92098956.12
2017-04-03,30.225,30.365,29.95,30.01,2651378.0,79878551.26
2017-04-04,29.905,30.23,29.85,29.92,3146128.0,94439395.71
2017-04-05,30.01,30.015,29.77,29.905,2766519.0,82713468.31
2017-04-06,29.76,30.025,29.66,29.915,1976693.0,59101840.9
2017-04-07,29.925,30.03,29.8,30.0,1911405.0,57241527.865
2017-04-10,30.12,30.12,29.81,29.975,1516992.0,45440321.955
2017-04-11,29.975,30.035,29.725,29.875,2086935.0,62365348.385
2017-04-12,30.01,30.085,29.65,29.71,2663344.0,79381909.235
2017-04-13,29.72,29.9,29.545,29.725,2087566.0,62066259.03
2017-04-18,29.815,30.09,29.72,29.755,3524458.0,105182068.935
2017-04-19,29.785,30.21,29.775,30.02,3193154.0,95979843.36
2017-04-20,30.0,30.205,29.87,30.15,3295046.0,99258218.06
2017-04-21,30.365,30.625,30.225,30.495,6145787.0,187176842.55
2017-04-24,31.32,31.785,31.1,31.6,8293413.0,261406481.545
2017-04-25,31.725,31.74,31.475,31.6,4083562.0,128963433.155
2017-04-26,31.525,31.84,31.49,31.73,2923572.0,92596609.92
2017-04-27,31.655,32.0,31.575,31.99,3171787.0,101154547.925
2017-04-28,31.985,31.985,31.675,31.82,3494061.0,111078489.29
2017-05-02,31.785,32.0,31.59,31.93,2742811.0,87326710.995
2017-05-03,31.885,32.135,31.795,32.135,2483558.0,79461285.505
2017-05-04,32.18,32.735,32.055,32.735,4056172.0,132022307.8475
2017-05-05,32.7,33.21,32.595,33.16,3531500.0,116479199.69
2017-05-08,33.16,33.16,32.915,32.965,2803684.0,92531352.1
2017-05-09,33.03,33.165,32.935,33.0,2465535.0,81425947.53
2017-05-10,32.92,33.025,32.785,32.865,2754582.0,90595410.71
2017-05-11,32.875,32.975,32.64,32.975,3024342.0,99386068.01
2017-05-12,33.0,33.335,32.86,33.335,3033943.0,100676468.16
2017-05-15,32.6,32.6,31.96,32.215,3627931.0,116807865.71
2017-05-16,32.3,32.345,32.095,32.205,2172138.0,70001283.69
2017-05-17,32.1,32.2,31.57,31.665,2843632.0,90579177.42
2017-05-18,31.7,31.975,31.315,31.595,3176309.0,100343322.245
2017-05-19,31.62,31.745,31.48,31.625,2453227.0,77528369.6
2017-05-22,31.715,31.89,31.6,31.74,1926971.0,61224967.495
2017-05-23,31.5,31.695,31.375,31.5,2706881.0,85382964.685
2017-05-24,31.5,31.65,31.42,31.5,1684950.0,53104595.19
2017-05-25,31.63,31.65,31.27,31.345,2125199.0,66774119.915
2017-05-26,31.37,31.47,31.19,31.4,2291440.0,71852110.01
2017-05-29,31.41,31.48,31.31,31.48,978911.0,30759677.115
2017-05-31,31.4,31.61,31.22,31.46,3903282.0,122762205.96
2017-06-01,31.565,32.125,31.53,32.0,2916471.0,93283617.865
2017-06-02,32.285,32.425,32.05,32.06,2568896.0,82744569.01
2017-06-05,32.0,32.005,31.795,31.82,1434530.0,45730225.745
2017-06-06,31.6,31.705,31.395,31.395,2399872.0,75583738.07
2017-06-07,31.295,31.745,31.055,31.385,2761232.0,86766847.17
2017-06-08,31.465,32.19,31.29,31.925,4062026.0,129504060.415
2017-06-09,31.86,32.09,31.755,32.02,2742457.0,87668098.23
2017-06-12,32.0,32.18,31.705,31.8,3072308.0,98003268.575
2017-06-13,31.885,31.925,31.715,31.82,2025020.0,64427128.7
2017-06-14,31.93,32.485,31.905,32.165,3908118.0,125871441.255
2017-06-15,32.025,32.045,31.45,31.6,4106570.0,129870939.415
2017-06-16,31.655,31.9,31.575,31.87,4938116.0,157069970.385
2017-06-19,33.15,34.015,32.995,33.925,6927004.0,233133675.07
2017-06-20,34.0,34.335,33.42,33.42,5537075.0,187098191.3
2017-06-21,33.32,33.415,32.965,33.165,3466514.0,114891420.96
2017-06-22,32.96,33.015,32.57,32.755,4161334.0,136415035.865
2017-06-23,32.65,32.875,32.61,32.835,2240579.0,73396565.37
2017-06-26,32.9,33.07,32.695,32.8,2422618.0,79628956.51
2017-06-27,32.66,32.8,32.36,32.54,2161423.0,70298772.96
2017-06-28,32.34,32.465,31.92,31.975,4229480.0,135870674.5
2017-06-29,32.04,32.125,31.175,31.215,3862749.0,121576016.29
2017-06-30,31.27,31.69,31.075,31.095,3577194.0,111864893.565
2017-07-03,31.3,31.665,31.28,31.56,2197612.0,69288965.755
2017-07-04,31.4,31.405,31.18,31.285,1710385.0,53506420.99
2017-07-05,31.26,31.5,31.155,31.38,2061716.0,64655015.295
2017-07-06,31.555,31.555,30.845,31.05,2682229.0,83365586.14
2017-07-07,31.05,31.11,30.775,31.08,1971994.0,61094267.67
2017-07-10,31.2,31.405,31.1,31.35,2053299.0,64216380.39
2017-07-11,31.36,31.51,31.265,31.265,1991538.0,62452295.595
2017-07-12,31.345,31.8,31.335,31.615,2438668.0,77025405.135
2017-07-13,31.705,31.87,31.575,31.755,2699755.0,85741101.06
2017-07-14,31.765,31.925,31.67,31.84,2517971.0,80064216.885
2017-07-17,31.985,31.985,31.65,31.74,1549666.0,49266661.275
2017-07-18,31.735,31.84,31.285,31.325,2703075.0,85023839.365
2017-07-19,31.515,31.665,31.33,31.61,2570617.0,80996277.29
2017-07-20,31.66,31.885,31.35,31.35,2814662.0,88796775.48
2017-07-21,31.255,31.27,30.77,30.99,5102355.0,158061291.25
2017-07-24,31.07,32.525,31.055,32.23,5179897.0,166420081.02
2017-07-25,32.295,32.68,32.255,32.65,4888949.0,159116732.12
2017-07-26,32.565,32.895,32.455,32.75,3208317.0,104987748.46
2017-07-27,32.75,33.05,32.69,32.8,3835918.0,125912864.91
2017-07-28,32.595,32.665,32.26,32.3,4178625.0,135515447.585
2017-07-31,32.205,32.58,32.165,32.38,3581051.0,115974596.115
2017-08-01,32.7,32.74,32.42,32.625,2901361.0,94514582.02
2017-08-02,32.64,32.89,32.215,32.215,3304658.0,107353952.785
2017-08-03,32.14,32.29,31.87,32.04,3121427.0,100200800.1
2017-08-04,32.05,32.345,31.91,32.235,2864652.0,92173124.46
2017-08-07,32.275,32.595,32.21,32.45,2556408.0,82923009.395
2017-08-08,32.445,32.535,32.285,32.465,2588673.0,83982428.385
2017-08-09,32.275,32.465,31.99,32.025,3180886.0,102280483.595
2017-08-10,32.015,32.09,31.655,31.735,3159399.0,100472427.93
2017-08-11,31.59,31.59,31.25,31.355,3518711.0,110402447.845
2017-08-14,31.575,31.72,31.475,31.67,2262187.0,71540909.09
2017-08-15,31.825,31.865,31.535,31.76,2058646.0,65254761.315
2017-08-16,31.805,32.38,31.805,32.24,1871946.0,60292401.295
2017-08-17,32.105,32.185,31.9,32.13,2125014.0,68243082.275
2017-08-18,31.85,31.85,31.515,31.71,2637529.0,83595697.1
2017-08-21,31.515,31.715,31.425,31.495,1831378.0,57743085.265
2017-08-22,31.685,32.185,31.64,32.175,1962842.0,62806101.135
2017-08-23,32.175,32.365,32.025,32.115,1603981.0,51591263.815
2017-08-24,32.2,32.355,32.095,32.195,2101091.0,67738850.94
2017-08-25,32.25,32.495,32.175,32.305,2086973.0,67510233.86
2017-08-28,32.11,32.23,31.88,32.13,1969422.0,63223808.185
2017-08-29,31.8,31.8,31.47,31.585,2631103.0,83162979.875
2017-08-30,31.815,31.9,31.695,31.7,1732541.0,55019101.295
2017-08-31,31.855,32.075,31.75,31.78,3188984.0,101487697.085
2017-09-01,31.93,32.13,31.895,31.965,1904311.0,60960171.375
2017-09-04,31.665,32.36,31.665,32.25,1943854.0,62610693.575
2017-09-05,32.35,32.73,32.31,32.69,3265257.0,106498113.62
2017-09-06,32.6,32.795,32.48,32.65,3708004.0,121129946.86803
2017-09-07,32.705,33.26,32.61,33.125,4300973.0,142227045.025
2017-09-08,33.0,33.42,32.91,33.4,3214544.0,106929496.62
2017-09-11,33.55,33.94,33.55,33.77,2983930.0,100876284.49
2017-09-12,34.0,34.66,33.88,34.575,4189753.0,144384207.205
2017-09-13,34.6,34.8,34.465,34.525,3612770.0,124965765.835
2017-09-14,34.4,34.775,34.385,34.64,3284649.0,113701003.205
2017-09-15,34.415,35.01,34.415,34.56,6136127.0,213161630.075
2017-09-18,34.82,34.915,34.68,34.8,2836865.0,98756727.94
2017-09-19,34.78,34.97,34.73,34.905,2150476.0,74964320.81
2017-09-20,34.81,35.17,34.76,34.9,3048971.0,106566092.805
2017-09-21,35.07,35.315,34.975,35.27,2184504.0,76924276.085
2017-09-22,35.1,35.355,35.04,35.05,2602830.0,91443348.605
2017-09-25,34.8,35.16,34.8,34.945,2968086.0,103895255.95
2017-09-26,34.68,34.955,34.51,34.52,4075055.0,141146744.745
2017-09-27,34.52,34.68,34.31,34.31,2732075.0,94099063.3125
2017-09-28,34.315,34.385,34.185,34.255,2723519.0,93295639.545
2017-09-29,34.405,34.945,34.405,34.93,4363469.0,152081232.15
2017-10-02,35.0,35.655,34.905,35.655,2995989.0,106235905.43
2017-10-03,35.71,35.945,35.565,35.88,1726609.0,61822817.895
2017-10-04,35.83,35.965,35.705,35.785,2525074.0,90401768.035
2017-10-05,35.785,35.87,35.26,35.28,3298450.0,116815128.415
2017-10-06,35.345,35.345,34.92,34.98,3280993.0,115134306.175
2017-10-09,35.0,35.205,34.975,35.06,2195878.0,77014071.41
2017-10-10,34.97,35.495,34.925,35.095,3014735.0,106034489.68
2017-10-11,35.275,35.28,34.365,34.68,3265753.0,113430832.46
2017-10-12,34.68,34.87,34.525,34.75,2587482.0,89780486.765
2017-10-13,34.705,34.705,34.375,34.61,3041355.0,105111938.45
2017-10-16,34.465,34.53,34.22,34.29,2399397.0,82351746.23
2017-10-17,34.3,34.425,34.04,34.37,2536710.0,86849154.135
2017-10-18,34.53,34.965,34.34,34.82,2508008.0,87235938.27
2017-10-19,35.0,35.185,34.725,34.885,2910601.0,101535818.52
2017-10-20,35.0,35.415,34.925,35.405,3645891.0,128378314.5
2017-10-23,35.1,36.12,35.09,35.81,4093061.0,146458931.73
2017-10-24,35.185,35.405,34.07,34.07,6921069.0,239553133.715
2017-10-25,34.1,34.935,34.07,34.245,4639821.0,159948032.08
2017-10-26,34.45,35.29,34.405,35.22,3766906.0,131451395.71
2017-10-27,35.42,35.48,35.015,35.015,3237793.0,114076392.32
2017-10-30,35.0,35.03,34.515,34.635,3316493.0,114867085.48
2017-10-31,34.73,35.085,34.545,34.955,3568395.0,124246337.73
2017-11-01,35.235,35.725,35.095,35.435,4239752.0,150504825.51
2017-11-03,35.35,35.8,35.235,35.775,2509836.0,89137156.725
2017-11-06,35.645,35.83,35.63,35.65,2090750.0,73943261.39
2017-11-07,35.62,35.67,35.15,35.18,2887187.0,102083468.75
2017-11-08,35.215,35.22,34.365,34.6,3913668.0,135616312.005
2017-11-09,34.525,34.765,34.175,34.2,2954659.0,101599911.675
2017-11-10,33.67,34.03,33.45,33.525,3926946.0,132362110.155
2017-11-13,33.6,33.655,33.19,33.3,3096828.0,102555731.285
2017-11-14,33.35,33.655,33.175,33.25,3015904.0,100583232.945
2017-11-15,33.075,33.24,32.845,33.015,3070422.0,101407935.365
2017-11-16,33.165,33.355,33.015,33.23,2045403.0,67962706.953
2017-11-17,33.305,33.44,33.155,33.16,3226749.0,107305860.85
2017-11-20,32.99,33.16,32.7,33.05,2869453.0,94717838.33
2017-11-21,32.995,33.375,32.89,33.255,2330469.0,77323614.9532
2017-11-22,33.195,33.515,33.12,33.245,2717573.0,90536493.045
2017-11-23,33.14,33.43,33.025,33.32,1485736.0,49434809.021
2017-11-24,33.32,33.395,32.815,32.91,2501777.0,82563720.68
2017-11-27,32.79,33.065,32.63,32.655,2015927.0,66099087.73
2017-11-28,32.585,33.015,32.58,32.78,2179162.0,71469156.645
2017-11-29,32.71,32.965,32.375,32.435,2151233.0,70242029.955
2017-11-30,32.495,32.81,32.455,32.625,3674871.0,119900393.2125
2017-12-01,32.605,32.645,31.97,31.99,3348116.0,107931712.27
2017-12-04,32.31,32.69,32.215,32.48,2481811.0,80559855.83
2017-12-05,32.285,32.57,32.285,32.49,2099615.0,68107875.11
2017-12-06,32.22,32.49,32.06,32.395,1950209.0,62994572.235
2017-12-07,32.35,32.66,32.35,32.59,1815498.0,59126732.54
2017-12-08,32.65,32.87,32.56,32.595,1884376.0,61601763.535
2017-12-11,32.68,32.73,32.215,32.455,2133898.0,69178044.09
2017-12-12,32.435,33.13,32.435,33.005,3037412.0,99946282.53
2017-12-13,32.885,33.15,32.75,32.885,2269406.0,74679937.71
2017-12-14,32.86,32.95,32.52,32.525,2894355.0,94478248.65
2017-12-15,32.61,32.75,32.42,32.7,3960880.0,129249779.45
2017-12-18,32.9,33.26,32.87,33.2,2998499.0,99354495.69
2017-12-19,33.28,33.345,33.055,33.055,2603554.0,86372965.125
2017-12-20,32.98,32.985,32.135,32.15,5021389.0,162461141.16
2017-12-21,32.12,32.12,31.63,31.95,5989017.0,193923619.38
2017-12-22,31.85,32.025,31.655,31.95,4185777.0,133307772.39
2017-12-27,32.055,32.225,31.615,31.9,1873583.0,59702419.525
2017-12-28,31.825,31.995,31.73,31.81,1450463.0,46186746.455
2017-12-29,31.755,31.905,31.525,31.54,1942616.0,61470632.13
2018-01-02,31.48,31.495,31.045,31.325,2667537.0,83528318.52
2018-01-03,31.425,31.705,31.235,31.535,2482728.0,78186604.47
2018-01-04,31.685,32.42,31.605,32.28,3916839.0,125967423.81
2018-01-05,32.44,32.91,32.37,32.91,2854372.0,93549259.22
2018-01-08,32.95,33.19,32.86,33.15,2361048.0,78095976.49
2018-01-09,33.19,33.29,33.015,33.22,2099618.0,69718963.035
2018-01-11,33.25,33.275,33.01,33.165,2402702.0,79615195.305
2018-01-12,33.23,33.42,33.125,33.42,2402637.0,80036014.33
2018-01-15,33.395,33.41,33.0,33.0,1529751.0,50624833.505
2018-01-16,33.08,33.26,32.94,33.25,2186989.0,72533440.25
2018-01-17,33.025,33.03,32.635,32.8,3618162.0,118612855.645
2018-01-18,32.725,32.895,32.675,32.835,2357069.0,77347483.67
2018-01-19,32.835,33.585,32.835,33.585,3549535.0,118602291.985
2018-01-22,33.485,33.52,33.125,33.32,2004685.0,66758666.8
2018-01-23,33.345,33.44,33.255,33.355,2149571.0,71674696.895
2018-01-24,33.365,33.64,33.215,33.29,2598456.0,86779762.2096
2018-01-25,33.22,33.78,33.195,33.4,2698683.0,90390657.005
2018-01-26,33.465,33.825,33.38,33.625,1931303.0,64966470.5
2018-01-29,33.47,33.925,33.44,33.895,2319218.0,78336608.96
2018-01-30,33.22,33.56,32.155,32.65,6741203.0,221068904.265
2018-01-31,32.66,32.935,32.56,32.86,4250336.0,139292843.41
2018-02-01,33.055,33.29,32.7,32.77,3645134.0,119991869.815
2018-02-02,32.56,32.57,31.88,31.985,4046820.0,114833216.735
2018-02-05,31.7,31.725,31.35,31.385,4072295.0,112890402.255
2018-02-06,30.15,30.98,30.135,30.45,7478364.0,216203627.055
2018-02-07,30.74,30.99,30.54,30.8,5274990.0,134532598.095
2018-02-08,30.53,30.575,30.175,30.245,6175113.0,174992319.36
2018-02-09,29.615,29.915,29.245,29.63,7835798.0,212274368.9
2018-02-12,30.195,30.595,30.105,30.245,5408027.0,118383040.58
2018-02-13,30.285,30.285,30.01,30.01,3001928.0,90306720.435
2018-02-14,30.205,30.815,29.97,30.705,3926059.0,111699674.8
2018-02-15,30.81,31.185,30.695,31.07,3170172.0,92495748.205
2018-02-16,31.21,31.615,31.175,31.52,3473921.0,109254745.07
2018-02-19,31.515,31.585,31.02,31.07,2702399.0,76745193.845
2018-02-20,30.96,31.335,30.955,31.225,3670453.0,101286661.965
2018-02-21,30.9,31.415,30.9,31.365,2213289.0,69109421.4
2018-02-22,31.21,31.715,31.115,31.62,2664829.0,83890954.015
2018-02-23,31.75,31.75,31.48,31.5,2292222.0,72293331.86
2018-02-26,31.64,31.895,31.565,31.78,2251688.0,64075188.235
2018-02-27,31.93,31.93,31.645,31.735,2370590.0,75236661.735
2018-02-28,31.42,31.725,31.395,31.53,2739020.0,78883303.94
2018-03-01,31.33,31.59,31.285,31.35,5342880.0,160615600.985
2018-03-02,31.0,31.22,30.82,30.87,5470956.0,156835415.6
2018-03-05,30.73,31.185,30.73,31.105,4445525.0,85182653.44
2018-03-06,31.5,31.605,31.18,31.18,2871989.0,89939406.1388
2018-03-07,31.025,31.445,30.94,31.38,2938227.0,72393451.585
2018-03-08,31.37,31.9,31.305,31.835,2276016.0,72193803.65
2018-03-09,31.835,32.005,31.77,31.855,2528415.0,80551119.215
2018-03-12,32.03,32.11,31.875,31.95,1641219.0,42876230.75
2018-03-13,31.97,32.05,31.395,31.52,2937316.0,87575642.65
2018-03-14,31.5,31.785,31.385,31.485,2142222.0,48303292.855
2018-03-15,31.54,31.79,31.395,31.75,2017297.0,63850687.135
2018-03-16,31.675,32.855,31.6,32.855,7621340.0,248303285.255
2018-03-19,32.715,32.85,32.295,32.435,3743142.0,121711809.97
2018-03-20,32.56,32.575,32.255,32.57,2655901.0,86194348.86
2018-03-21,32.57,32.66,32.36,32.66,2763905.0,89928328.465
2018-03-22,32.395,32.495,31.735,32.0,3694776.0,118378478.025
2018-03-23,31.665,31.745,30.755,30.855,3302601.0,102661808.235
2018-03-26,30.915,31.14,30.22,30.395,2873572.0,86920336.5
2018-03-27,30.935,31.055,30.67,30.755,2838741.0,87494273.075
2018-03-28,30.3,31.0,30.03,30.89,3078400.0,94236714.255
2018-03-29,31.005,31.315,30.8,31.165,2427694.0,75507509.89
2018-04-03,30.91,31.02,30.475,30.715,2763929.0,84954578.255
2018-04-04,30.72,30.895,30.1,30.475,2913099.0,88636779.845
2018-04-05,30.99,31.58,30.99,31.525,2565638.0,80491148.445
2018-04-06,31.265,31.74,31.265,31.565,2174273.0,68544467.055
2018-04-09,31.65,31.78,31.44,31.665,1720812.0,54412620.215
2018-04-10,31.91,32.215,31.695,32.17,2439416.0,78140049.535
2018-04-11,32.01,32.16,31.72,31.73,2422500.0,77125826.94
2018-04-12,31.715,32.275,31.65,32.12,2735316.0,87828576.805
2018-04-13,32.175,32.585,31.97,32.095,2402277.0,77509618.01
2018-04-16,32.075,32.29,31.805,31.855,1837113.0,58767501.765
2018-04-17,32.23,32.495,32.07,32.22,3161977.0,101969696.245
2018-04-18,32.455,33.04,32.265,32.985,3155150.0,103389531.86
2018-04-19,32.94,33.065,32.795,32.96,2215031.0,73003811.085
2018-04-20,33.06,33.135,32.695,32.93,3830442.0,126098134.94
2018-04-23,33.92,34.855,33.82,34.75,6195034.0,213657518.045
2018-04-24,34.755,34.925,34.615,34.885,4003001.0,139413745.198
2018-04-25,34.69,34.925,34.405,34.68,3188143.0,110502524.055
2018-04-26,34.95,35.175,34.695,35.005,3578457.0,124975746.065
2018-04-27,35.165,35.36,35.025,35.305,2566346.0,90437751.61
2018-04-30,35.39,35.6,34.805,35.21,4121314.0,145152275.37
2018-05-02,35.24,36.025,35.145,35.995,3573319.0,128390715.05
2018-05-03,35.86,36.02,35.67,35.835,2947841.0,105699663.4276
2018-05-04,35.89,36.22,35.765,36.0,3419804.0,123102566.165
2018-05-07,35.525,35.545,35.15,35.28,2348324.0,82878644.14
2018-05-08,35.28,35.485,34.96,35.475,2345273.0,82980102.05
2018-05-09,35.365,35.37,34.97,35.27,2873215.0,101225666.91
2018-05-10,35.225,35.525,35.18,35.52,2558680.0,90499256.05
2018-05-11,35.465,35.52,34.81,35.145,2312289.0,81177114.51
2018-05-14,35.32,35.35,35.015,35.235,1384452.0,48746164.29
2018-05-15,35.22,35.365,35.115,35.32,2016278.0,71135528.605
2018-05-16,35.165,35.995,35.165,35.995,2539677.0,90983649.135
2018-05-17,35.87,36.415,35.71,36.415,3160624.0,114354163.645
2018-05-18,36.405,36.795,36.405,36.6,4424426.0,161973999.13
2018-05-21,36.725,37.03,36.685,36.735,1506946.0,55527541.86
2018-05-22,36.71,36.71,36.345,36.6,2406971.0,88014079.035
2018-05-23,36.485,36.575,35.91,36.04,2912238.0,105182119.63
2018-05-24,36.015,36.565,35.815,35.885,2774238.0,99995137.745
2018-05-25,36.105,36.485,35.995,36.33,2738304.0,99381502.795
2018-05-28,36.55,36.605,35.81,35.835,1386511.0,49929831.88
2018-05-29,35.6,35.955,35.395,35.66,3229465.0,115272815.94
2018-05-30,35.8,35.825,35.465,35.685,2908968.0,103679913.985
2018-05-31,35.685,35.835,35.02,35.02,6630054.0,233162907.965
2018-06-01,35.41,35.875,35.06,35.475,3698058.0,131419142.05
2018-06-04,35.955,36.215,35.82,36.195,2491944.0,90006521.345
2018-06-05,36.485,36.585,36.035,36.035,3647651.0,132280168.66
2018-06-06,36.2,36.34,35.845,36.26,2820587.0,102130582.295
2018-06-07,36.41,36.515,36.065,36.145,2058778.0,74658352.83
2018-06-08,35.84,36.285,35.585,36.005,2530692.0,90996151.705
2018-06-11,36.22,36.515,36.15,36.48,2514105.0,91516196.63
2018-06-12,36.55,36.595,36.205,36.435,2146677.0,78096113.485
2018-06-13,36.425,36.635,36.4,36.495,2481863.0,90653423.4
2018-06-14,36.23,37.025,36.155,36.955,4181744.0,153821857.62
2018-06-15,36.95,37.12,36.38,36.43,4253549.0,155950220.31
2018-06-18,36.395,36.49,36.075,36.305,2453355.0,89022861.92
2018-06-19,35.975,35.995,35.57,35.79,3368953.0,120508277.55
2018-06-20,36.0,36.145,35.93,36.05,2981371.0,107450859.385
2018-06-21,36.25,36.415,35.815,35.935,2788253.0,100535497.55
2018-06-22,35.99,36.195,35.875,36.195,2562056.0,92411667.605
2018-06-25,35.925,36.235,35.365,35.365,2670739.0,95150950.48
2018-06-26,35.615,35.855,35.51,35.79,2957345.0,105696915.74
2018-06-27,35.695,36.36,35.635,36.12,3820085.0,137677152.605
2018-06-28,35.5,36.1,35.365,35.72,2916510.0,104054480.64
2018-06-29,36.12,36.64,36.12,36.425,4054336.0,147735486.275
2018-07-02,36.1,36.585,35.94,36.28,2601475.0,94585599.135
2018-07-03,36.875,37.295,36.625,37.0,2822740.0,104442493.58
2018-07-04,36.65,36.93,36.37,36.645,2029437.0,74346173.785
2018-07-05,36.725,37.05,36.48,36.695,2534854.0,93230328.755
2018-07-06,37.05,37.1,36.76,37.015,2908365.0,107548300.865
2018-07-09,37.225,37.355,37.15,37.28,2234006.0,83255586.46
2018-07-10,37.385,37.49,37.26,37.4,2002721.0,74888581.28
2018-07-11,37.175,37.175,36.735,36.895,3272330.0,120835416.915
2018-07-12,37.055,37.2,36.805,37.14,2525368.0,93607482.23
2018-07-13,37.2,37.475,37.185,37.42,2679536.0,100131679.365
2018-07-16,37.495,37.57,37.055,37.21,1863526.0,69450448.815
2018-07-17,37.195,37.36,36.995,37.3,2170896.0,80787141.765
2018-07-18,37.275,37.555,37.145,37.46,2574273.0,96418133.11
2018-07-19,37.405,37.455,36.965,37.045,2491567.0,92440312.855
2018-07-20,36.93,37.1,36.405,36.675,4270130.0,156712288.19
2018-07-23,35.95,36.335,34.91,36.02,4934005.0,176779875.935
2018-07-24,36.26,36.91,36.04,36.705,3146740.0,115313549.655
2018-07-25,36.745,37.14,36.465,37.1,2989833.0,110429787.475
2018-07-26,37.3,38.235,37.19,38.235,4464966.0,169127024.28
2018-07-27,38.19,38.415,37.88,38.135,2995030.0,114350451.31
2018-07-30,38.0,38.0,37.6,37.6,2350323.0,88757200.605
2018-07-31,37.665,37.725,37.365,37.54,2609092.0,97961862.8
2018-08-01,37.46,37.765,37.43,37.55,2578548.0,96893818.635
2018-08-02,37.355,37.725,37.29,37.685,2221262.0,83608825.03
2018-08-03,37.685,37.82,37.575,37.785,2362281.0,89191769.79
2018-08-06,37.785,38.265,37.78,38.0,1634378.0,62086570.825
2018-08-07,38.22,38.775,38.15,38.325,2047458.0,78621673.785
2018-08-08,38.25,38.425,38.135,38.225,1407783.0,53848315.815
2018-08-09,38.09,38.21,37.965,38.13,1188687.0,45299230.295
2018-08-10,37.95,38.335,37.64,37.74,2341608.0,88751089.715
2018-08-13,37.555,37.745,37.195,37.505,1930032.0,72292444.69
2018-08-14,37.7,38.06,37.575,37.645,1933238.0,72963664.135
2018-08-15,37.665,37.89,36.805,36.92,2647874.0,98403282.695
2018-08-16,36.865,37.385,36.84,37.305,2015780.0,75116669.735
2018-08-17,37.32,37.5,37.175,37.395,1781960.0,66575681.275
2018-08-20,37.42,37.62,37.3,37.42,1054728.0,39513471.41
2018-08-21,37.415,37.485,37.18,37.265,2061510.0,76943978.94
2018-08-22,37.25,37.84,37.24,37.675,1751079.0,65939345.525
2018-08-23,37.71,38.205,37.65,37.93,2081385.0,79074006.34
2018-08-24,37.945,38.125,37.79,37.96,1265225.0,48028659.98
2018-08-27,38.1,38.235,37.885,38.235,1223136.0,46617640.155
2018-08-28,38.455,38.8,38.3,38.635,2437644.0,94149755.37
2018-08-29,38.73,39.09,38.615,39.025,2400347.0,93424382.465
2018-08-30,39.0,39.05,38.68,38.995,1860525.0,72366297.73
2018-08-31,38.925,38.93,38.35,38.49,2342108.0,114067602.02
2018-09-03,38.35,38.55,38.16,38.345,1026995.0,39350768.16
2018-09-04,38.475,38.62,37.62,37.98,1943313.0,73831282.93
2018-09-05,37.89,38.085,37.245,37.255,2318860.0,86895670.055
2018-09-06,37.065,37.505,37.045,37.145,2153990.0,80197671.54
2018-09-07,37.265,37.77,37.11,37.74,2844833.0,106923634.025
2018-09-10,37.83,38.045,37.495,37.93,1802316.0,68228543.92
2018-09-11,38.245,38.315,38.055,38.25,1969819.0,75261676.485
2018-09-12,38.41,39.08,38.315,39.02,2201958.0,85620503.5
2018-09-13,39.83,39.83,39.09,39.3,2854497.0,112271957.195
2018-09-14,39.37,39.485,39.08,39.34,1874959.0,73706754.27
2018-09-17,39.465,39.64,38.975,38.995,2707876.0,105969186.48
2018-09-18,38.995,39.285,38.61,38.955,1865227.0,72607650.85
2018-09-19,38.945,39.255,38.735,39.01,1915937.0,74730431.955
2018-09-20,38.895,39.355,38.76,39.3,2128865.0,83419223.185
2018-09-21,39.345,39.595,39.1,39.1,5107263.0,200312770.51
2018-09-24,38.89,39.045,38.63,38.845,1948894.0,75654824.925
2018-09-25,38.885,39.62,38.885,39.535,1610926.0,63460457.375
2018-09-26,39.67,39.79,39.465,39.69,2297800.0,91044899.885
2018-09-27,39.6,39.865,39.4,39.72,1976203.0,78412277.57
2018-09-28,39.695,40.01,39.17,39.235,2717235.0,107104172.475
2018-10-01,39.335,39.77,39.26,39.675,1905983.0,75501236.605
2018-10-02,38.98,39.1,38.14,38.23,3914727.0,150162056.01
2018-10-03,38.245,38.66,37.985,38.41,2453029.0,94189561.2
2018-10-04,38.31,38.375,37.35,37.425,2904417.0,109492913.33
2018-10-05,37.4,37.525,36.79,36.985,2544732.0,94293476.56
2018-10-08,36.71,36.785,36.28,36.34,2496482.0,90968756.97
2018-10-09,36.335,36.545,35.795,36.395,2435387.0,88221839.215
2018-10-10,36.455,36.515,35.755,35.78,3364057.0,121459391.035
2018-10-11,35.385,35.655,34.915,35.115,3696080.0,130205453.715
2018-10-12,35.49,35.745,35.11,35.2,3126039.0,110346360.355
2018-10-15,35.145,35.255,34.65,34.865,3036343.0,105796041.52
2018-10-16,34.83,35.675,34.71,35.65,3016160.0,106844974.455
2018-10-17,35.695,36.15,35.615,35.845,3381892.0,121325727.13
2018-10-18,36.0,36.135,35.49,35.55,3304911.0,118129074.57
2018-10-19,35.75,35.795,34.575,34.745,6151625.0,214730484.88
2018-10-22,31.9,33.14,31.3,31.725,10530044.0,339172118.855
2018-10-23,31.88,32.075,30.845,31.415,6680946.0,178289606.74
2018-10-24,31.665,31.86,31.145,31.325,5885466.0,169648938.995
2018-10-25,31.145,32.04,30.83,31.92,4424515.0,124236593.405
2018-10-26,31.76,32.005,31.19,32.005,4902158.0,155248686.39
2018-10-29,31.55,32.43,31.55,32.02,3244001.0,92825706.905
2018-10-30,32.005,32.125,31.25,31.92,4587252.0,127493028.43
2018-10-31,32.15,33.23,32.075,32.92,4882587.0,151438736.625
2018-11-01,32.92,33.445,32.84,33.38,3319361.0,110472782.38
2018-11-02,34.235,34.415,33.7,33.7,4005202.0,126348326.255
2018-11-05,33.78,33.805,33.485,33.485,3102835.0,80562244.215
2018-11-06,33.74,33.75,33.335,33.395,3242951.0,95086534.44
2018-11-07,33.46,34.3,33.46,34.28,3767360.0,121579620.925
2018-11-08,34.275,34.38,33.615,33.725,3392242.0,101722803.35
2018-11-09,33.505,33.71,33.145,33.605,2303059.0,77229617.64
2018-11-12,33.87,33.96,33.395,33.49,2525191.0,84910051.23
2018-11-13,33.605,33.77,33.32,33.655,2293356.0,77050646.975
2018-11-14,33.25,33.76,33.15,33.35,2977433.0,99424757.685
2018-11-15,33.47,33.575,32.675,33.03,2430040.0,80480322.53
2018-11-16,33.175,33.43,32.74,33.01,3572729.0,118114715.145
2018-11-19,33.17,33.41,32.695,32.715,2771984.0,91380441.24
2018-11-20,32.515,32.615,31.645,32.055,3530732.0,113143589.15
2018-11-21,32.165,32.73,32.11,32.73,3006513.0,97849029.33
2018-11-22,32.615,33.39,32.615,33.31,3056777.0,101364381.17
2018-11-23,33.3,33.48,32.995,33.4,2737047.0,91173572.725
2018-11-26,33.565,33.92,33.15,33.19,2819724.0,94137656.435
2018-11-27,33.345,33.435,32.775,33.12,2796512.0,92507494.405
2018-11-28,32.81,33.11,32.355,32.39,4536810.0,147610145.26
2018-11-29,32.5,33.025,32.28,32.9,3830219.0,125731315.99
2018-11-30,33.04,33.545,32.985,33.245,5150242.0,171372945.81
2018-12-03,34.0,34.165,33.585,33.61,2944592.0,99369312.62
2018-12-04,33.52,33.99,33.265,33.77,3489504.0,117613720.935
2018-12-05,33.77,33.77,33.02,33.02,2063263.0,68641285.655
2018-12-06,32.59,32.675,31.845,32.085,4188640.0,134740496.605
2018-12-07,32.17,32.86,32.15,32.2,3174448.0,102742310.3
2018-12-10,32.2,32.49,31.795,31.855,2780502.0,89137710.4
2018-12-11,32.17,32.41,31.99,31.995,2781543.0,89370096.83
2018-12-12,32.225,33.16,32.135,33.03,2712436.0,89130000.13
2018-12-13,33.19,33.29,32.665,32.93,2721633.0,89701408.535
2018-12-14,32.555,32.785,32.31,32.48,2485766.0,80864507.24
2018-12-17,32.48,32.48,31.41,31.685,3263198.0,103630836.93
2018-12-18,31.3,31.645,30.91,31.635,3983777.0,125216442.07
2018-12-19,31.82,32.12,31.67,31.87,2732521.0,87147975.84
2018-12-20,31.125,31.325,30.75,30.855,3484844.0,107885734.53
2018-12-21,30.505,30.83,30.135,30.79,5176626.0,158504012.61
2018-12-24,30.1,30.635,30.1,30.375,612091.0,18602262.09
2018-12-27,31.0,31.065,29.97,30.305,2716370.0,82436184.78
2018-12-28,30.43,30.92,30.37,30.695,1736675.0,53285397.505
2018-12-31,30.985,31.18,30.825,30.93,520799.0,16119058.82
2019-01-02,30.505,30.775,30.03,30.575,2375904.0,72459429.63
2019-01-03,30.235,30.305,29.1,29.1,3816249.0,112176067.85
2019-01-04,29.205,30.165,29.045,30.075,3194364.0,94793852.625
2019-01-07,30.195,30.265,29.36,29.65,2388469.0,71023719.755
2019-01-08,29.7,30.565,29.66,30.02,2912257.0,87714572.6
2019-01-09,30.425,31.01,30.385,30.82,3184745.0,98047083.65
2019-01-10,30.81,30.83,30.28,30.68,2042148.0,62453186.33
2019-01-11,30.705,30.79,30.385,30.5,2027069.0,61941676.26
2019-01-14,30.29,30.41,29.98,30.2,1746393.0,52748384.465
2019-01-15,30.38,30.805,30.375,30.77,1817266.0,55690339.215
2019-01-16,30.765,31.295,30.765,31.17,2394701.0,74488889.335
2019-01-17,30.85,31.14,30.74,31.05,1808004.0,56083798.275
2019-01-18,31.31,31.685,31.2,31.4,3575797.0,112498043.22
2019-01-21,31.265,31.4,31.115,31.215,1416650.0,44243838.65
2019-01-22,31.07,31.585,30.97,31.585,2755636.0,86539973.51
2019-01-23,31.56,32.355,31.455,31.82,3033352.0,96933399.97
2019-01-24,31.9,32.33,31.765,32.125,2248835.0,72178138.78
2019-01-25,32.435,32.86,32.4,32.62,2691404.0,87966998.835
2019-01-28,32.4,32.6,32.2,32.305,2847019.0,92078301.665
2019-01-29,33.74,33.74,32.37,33.06,5161991.0,170826631.27
2019-01-30,33.08,33.305,32.66,33.215,3274124.0,108231940.462
2019-01-31,33.51,34.36,33.35,34.36,5409167.0,183963948.47
2019-02-01,34.5,34.57,33.505,33.805,4576168.0,155158988.715
2019-02-04,33.805,33.975,33.45,33.715,2613373.0,88037822.275
2019-02-05,33.73,34.045,33.54,33.905,3264529.0,110508021.765
2019-02-06,33.785,34.05,33.55,33.87,1773220.0,60003983.255
2019-02-07,33.71,34.01,33.685,33.77,2989005.0,101124234.42
2019-02-08,33.615,33.855,33.385,33.855,2613943.0,85311643.335
2019-02-11,34.08,34.08,33.76,34.005,1845578.0,59793414.225
2019-02-12,34.1,34.46,34.085,34.3,2145739.0,73560447.505
2019-02-13,34.415,34.78,34.31,34.62,2076606.0,71810366.54
2019-02-14,34.75,35.24,34.695,34.7,2683447.0,93576206.72
2019-02-15,34.77,35.3,34.6,35.09,2533247.0,85758839.285
2019-02-18,35.1,35.185,34.765,34.855,1251541.0,43658297.205
2019-02-19,34.87,34.94,34.585,34.745,1565042.0,51240497.115
2019-02-20,34.89,35.015,34.655,34.76,1845845.0,61492519.345
2019-02-21,34.94,34.98,34.65,34.715,1808286.0,58331565.295
2019-02-22,34.845,35.03,34.65,34.72,1328762.0,46208164.875
2019-02-25,34.805,35.05,34.74,34.945,1494831.0,49429217.935
2019-02-26,34.815,35.09,34.695,35.0,1740720.0,60822150.85
2019-02-27,35.015,35.15,34.615,34.66,2331056.0,81051270.575
2019-02-28,34.5,35.0,34.5,35.0,4355537.0,142589788.395
2019-03-01,35.225,35.49,35.135,35.375,2090486.0,73915492.845
2019-03-04,35.55,36.035,35.44,35.885,2272129.0,81462006.22
2019-03-05,35.875,36.145,35.6,36.145,2217273.0,79847581.415
2019-03-06,36.23,36.265,35.875,36.0,2007961.0,72283497.14
2019-03-07,35.935,36.085,35.455,35.52,2835605.0,96851403.455
2019-03-08,35.315,35.455,34.795,34.895,2755564.0,96490410.225
2019-03-11,34.935,35.425,34.835,35.38,1971867.0,62837999.605
2019-03-12,35.7,35.705,35.19,35.235,2383019.0,84131441.925
2019-03-13,35.12,35.575,35.12,35.545,2299950.0,68574213.655
2019-03-14,35.42,35.845,35.405,35.745,1817237.0,64919687.2575
2019-03-15,35.96,36.505,35.815,36.415,6833928.0,244729421.695
2019-03-18,36.495,36.6,36.02,36.02,1972168.0,70950432.9
2019-03-19,36.1,36.29,35.965,36.12,1972186.0,66185857.975
2019-03-20,36.065,36.14,35.67,35.67,2598285.0,82634739.005
2019-03-21,35.685,35.83,35.51,35.75,2004880.0,65539295.035
2019-03-22,35.89,35.965,35.015,35.31,3343742.0,115566885.64
2019-03-25,35.195,35.615,35.095,35.355,2145116.0,63804100.46
2019-03-26,35.44,35.92,35.325,35.92,1797518.0,64344762.525
2019-03-27,35.92,36.115,35.655,35.92,2554495.0,91636783.965
2019-03-28,35.905,36.295,35.905,36.1,1898998.0,64640150.23
2019-03-29,36.215,36.35,35.96,36.315,2509691.0,90998130.845
2019-04-01,36.5,36.92,36.42,36.525,2113701.0,77317207.54
2019-04-02,36.45,36.54,35.28,35.345,3376603.0,120176377.035
2019-04-03,35.545,35.97,35.42,35.895,3663285.0,131190844.075
2019-04-04,35.565,35.715,35.375,35.445,2003787.0,71141580.87
2019-04-05,35.53,35.84,35.38,35.38,2093560.0,74328931.965
2019-04-08,35.335,35.695,35.22,35.36,1757355.0,62228709.16
2019-04-09,35.105,35.47,35.025,35.07,2623059.0,92275708.87
2019-04-10,35.25,35.42,35.01,35.285,1719864.0,60644916.095
2019-04-11,35.34,35.415,35.015,35.015,2442971.0,85837118.7
2019-04-12,35.11,35.26,34.785,35.22,2142916.0,75283777.08
2019-04-15,35.215,35.7,35.17,35.695,2281682.0,81131692.985
2019-04-16,35.655,35.925,35.655,35.72,1825403.0,62613411.175
2019-04-17,35.575,35.815,35.285,35.485,2251289.0,79972814.64
2019-04-18,35.315,35.89,35.195,35.33,3561262.0,126421074.88
2019-04-23,35.155,36.175,35.05,36.075,2545399.0,91476123.06
2019-04-24,35.92,36.085,35.805,35.89,1906404.0,68446060.29
2019-04-25,35.91,35.99,35.73,35.92,1755943.0,63038860.07
2019-04-26,36.0,36.315,35.865,36.18,2312495.0,83615040.495
